Name,Age,Gender,Race
10_0_0_20170110220644705.jpg.chip.jpg,13,Male,White
10_0_0_20170110224223937.jpg.chip.jpg,8,Male,White
10_0_0_20170110225035898.jpg.chip.jpg,13,Male,White
10_0_0_20170110225414790.jpg.chip.jpg,12,Male,White
10_0_0_20170110225444491.jpg.chip.jpg,9,Male,White
10_0_0_20170110225451638.jpg.chip.jpg,8,Male,White
10_0_0_20170110225505288.jpg.chip.jpg,10,Male,White
10_0_0_20170110225518663.jpg.chip.jpg,11,Male,White
10_0_0_20170110225546130.jpg.chip.jpg,11,Male,White
10_0_0_20170110225557604.jpg.chip.jpg,7,Male,White
10_0_1_20170104010841239.jpg.chip.jpg,9,Male,Black
10_0_3_20170104225238736.jpg.chip.jpg,12,Male,Indian
10_1_0_20170109203512075.jpg.chip.jpg,7,Female,White
10_1_0_20170109203917216.jpg.chip.jpg,9,Female,White
10_1_0_20170109203924076.jpg.chip.jpg,10,Female,White
10_1_0_20170109204338404.jpg.chip.jpg,8,Female,White
10_1_2_20170109205037024.jpg.chip.jpg,8,Female,Asian
10_1_3_20170104221645430.jpg.chip.jpg,8,Female,Indian
10_1_3_20170109205323078.jpg.chip.jpg,10,Female,Indian
10_1_4_20170104005649671.jpg.chip.jpg,13,Female,Others
11_0_0_20170110220518578.jpg.chip.jpg,9,Male,White
11_0_0_20170110225435539.jpg.chip.jpg,7,Male,White
11_1_1_20170109203712835.jpg.chip.jpg,11,Female,Black
11_1_4_20161223225953124.jpg.chip.jpg,9,Female,Others
11_1_4_20170103233340363.jpg.chip.jpg,13,Female,Others
12_0_1_20170110225335956.jpg.chip.jpg,14,Male,Black
12_0_2_20161219212833549.jpg.chip.jpg,9,Male,Asian
12_0_2_20170104012525810.jpg.chip.jpg,16,Male,Asian
12_0_3_20170104225715968.jpg.chip.jpg,12,Male,Indian
12_1_0_20170104005520631.jpg.chip.jpg,7,Female,White
12_1_0_20170104013219930.jpg.chip.jpg,9,Female,White
12_1_0_20170109204750280.jpg.chip.jpg,11,Female,White
12_1_0_20170109205104124.jpg.chip.jpg,18,Female,White
12_1_0_20170109212505669.jpg.chip.jpg,19,Female,White
12_1_2_20170104012405785.jpg.chip.jpg,15,Female,Asian
12_1_3_20170104223643593.jpg.chip.jpg,11,Female,Indian
12_1_4_20170104011715593.jpg.chip.jpg,12,Female,Others
12_1_4_20170109214232071.jpg.chip.jpg,16,Female,Others
13_0_0_20170104012320089.jpg.chip.jpg,13,Male,White
13_0_0_20170110224751365.jpg.chip.jpg,8,Male,White
13_0_0_20170110224801290.jpg.chip.jpg,13,Male,White
13_0_0_20170110225428740.jpg.chip.jpg,11,Male,White
13_0_0_20170110232519225.jpg.chip.jpg,13,Male,White
13_1_0_20170109214425620.jpg.chip.jpg,11,Female,White
13_1_0_20170110220422857.jpg.chip.jpg,10,Female,White
13_1_1_20170109204443201.jpg.chip.jpg,14,Female,Black
13_1_4_20170103212548662.jpg.chip.jpg,10,Female,Others
14_0_0_20170102234323550.jpg.chip.jpg,17,Male,White
14_0_0_20170104011738192.jpg.chip.jpg,11,Male,White
14_0_0_20170104012341136.jpg.chip.jpg,12,Male,White
14_0_0_20170110220704398.jpg.chip.jpg,15,Male,White
14_0_0_20170110225056665.jpg.chip.jpg,11,Male,White
14_0_0_20170110232124117.jpg.chip.jpg,13,Male,White
14_0_2_20170104012412945.jpg.chip.jpg,14,Male,Asian
14_0_2_20170104012541763.jpg.chip.jpg,17,Male,Asian
14_0_3_20170104225533201.jpg.chip.jpg,15,Male,Indian
14_1_0_20170103183504594.jpg.chip.jpg,24,Female,White
14_1_0_20170109203330417.jpg.chip.jpg,10,Female,White
14_1_0_20170109204131257.jpg.chip.jpg,9,Female,White
14_1_0_20170109212651931.jpg.chip.jpg,14,Female,White
14_1_2_20170102234329485.jpg.chip.jpg,12,Female,Asian
14_1_2_20170104012506017.jpg.chip.jpg,12,Female,Asian
14_1_2_20170104013310115.jpg.chip.jpg,12,Female,Asian
14_1_2_20170104021105972.jpg.chip.jpg,19,Female,Asian
14_1_3_20170104221658783.jpg.chip.jpg,13,Female,Indian
14_1_3_20170104221901782.jpg.chip.jpg,18,Female,Indian
15_0_0_20170104011743800.jpg.chip.jpg,18,Male,White
15_0_0_20170110224250144.jpg.chip.jpg,15,Male,White
15_0_0_20170110225410802.jpg.chip.jpg,16,Male,White
15_0_0_20170110225440579.jpg.chip.jpg,13,Male,White
15_0_0_20170110232117349.jpg.chip.jpg,14,Male,White
15_0_0_20170110232338801.jpg.chip.jpg,12,Male,White
15_0_1_20170110231743136.jpg.chip.jpg,14,Male,Black
15_0_2_20170104011938218.jpg.chip.jpg,18,Male,Asian
15_1_0_20170104013549874.jpg.chip.jpg,24,Female,White
15_1_0_20170109213613605.jpg.chip.jpg,25,Female,White
15_1_0_20170109214058590.jpg.chip.jpg,12,Female,White
15_1_0_20170109214307598.jpg.chip.jpg,20,Female,White
15_1_0_20170109214328421.jpg.chip.jpg,15,Female,White
15_1_2_20161219190855506.jpg.chip.jpg,18,Female,Asian
15_1_2_20161219193333691.jpg.chip.jpg,18,Female,Asian
15_1_2_20170104015856031.jpg.chip.jpg,18,Female,Asian
15_1_3_20170104221722328.jpg.chip.jpg,15,Female,Indian
15_1_3_20170104222007428.jpg.chip.jpg,16,Female,Indian
16_0_0_20170104012305505.jpg.chip.jpg,16,Male,White
16_0_0_20170104230001113.jpg.chip.jpg,18,Male,White
16_0_0_20170110231526097.jpg.chip.jpg,15,Male,White
16_0_0_20170110231725022.jpg.chip.jpg,9,Male,White
16_0_0_20170110232012908.jpg.chip.jpg,21,Male,White
16_0_0_20170110232218902.jpg.chip.jpg,20,Male,White
16_0_0_20170110232301837.jpg.chip.jpg,17,Male,White
16_0_0_20170110232429214.jpg.chip.jpg,13,Male,White
16_0_3_20170110232150874.jpg.chip.jpg,16,Male,Indian
16_0_3_20170110232812662.jpg.chip.jpg,14,Male,Indian
16_1_0_20170102234927276.jpg.chip.jpg,16,Female,White
16_1_0_20170103163010615.jpg.chip.jpg,24,Female,White
16_1_0_20170104011815680.jpg.chip.jpg,18,Female,White
16_1_0_20170105000703117.jpg.chip.jpg,29,Female,White
16_1_0_20170109213007401.jpg.chip.jpg,16,Female,White
16_1_0_20170109213608540.jpg.chip.jpg,14,Female,White
16_1_0_20170109214102958.jpg.chip.jpg,11,Female,White
16_1_0_20170109214138699.jpg.chip.jpg,17,Female,White
16_1_0_20170109214402325.jpg.chip.jpg,15,Female,White
16_1_1_20170109214053896.jpg.chip.jpg,20,Female,Black
16_1_3_20170104223545496.jpg.chip.jpg,20,Female,Indian
16_1_4_20170103234142187.jpg.chip.jpg,16,Female,Others
17_0_0_20170104011953696.jpg.chip.jpg,17,Male,White
17_0_0_20170110231615651.jpg.chip.jpg,19,Male,White
17_0_0_20170110231719325.jpg.chip.jpg,15,Male,White
17_0_0_20170110231830374.jpg.chip.jpg,22,Male,White
17_0_0_20170110232438939.jpg.chip.jpg,14,Male,White
17_0_3_20161219224759672.jpg.chip.jpg,15,Male,Indian
17_0_3_20170104225734512.jpg.chip.jpg,17,Male,Indian
17_0_3_20170104225736449.jpg.chip.jpg,24,Male,Indian
17_0_4_20170103212532692.jpg.chip.jpg,20,Male,Others
17_0_4_20170103234633420.jpg.chip.jpg,18,Male,Others
17_1_0_20170104012351409.jpg.chip.jpg,17,Female,White
17_1_0_20170109201930035.jpg.chip.jpg,25,Female,White
17_1_0_20170109214431887.jpg.chip.jpg,18,Female,White
17_1_3_20170104221822223.jpg.chip.jpg,19,Female,Indian
17_1_3_20170104222038870.jpg.chip.jpg,18,Female,Indian
17_1_4_20170103222931966.jpg.chip.jpg,21,Female,Others
17_1_4_20170103233523157.jpg.chip.jpg,12,Female,White
17_1_4_20170103233548115.jpg.chip.jpg,12,Female,Others
17_1_4_20170104001810179.jpg.chip.jpg,17,Female,White
18_0_0_20170110231845000.jpg.chip.jpg,23,Male,White
18_0_3_20170104225805617.jpg.chip.jpg,17,Male,Indian
18_0_3_20170104230329273.jpg.chip.jpg,26,Male,Indian
18_0_4_20170104011044048.jpg.chip.jpg,22,Male,Others
18_1_0_20170102235007970.jpg.chip.jpg,15,Female,White
18_1_0_20170103175433456.jpg.chip.jpg,24,Female,White
18_1_0_20170109212538216.jpg.chip.jpg,26,Female,White
18_1_0_20170109213102446.jpg.chip.jpg,24,Female,White
18_1_0_20170109213856511.jpg.chip.jpg,15,Female,White
18_1_0_20170109213945602.jpg.chip.jpg,17,Female,White
18_1_0_20170109214106546.jpg.chip.jpg,20,Female,White
18_1_0_20170109214557098.jpg.chip.jpg,26,Female,White
18_1_0_20170109214726739.jpg.chip.jpg,26,Female,White
18_1_2_20170102234846172.jpg.chip.jpg,18,Female,Asian
18_1_2_20170102234919571.jpg.chip.jpg,18,Female,Asian
18_1_2_20170104020418380.jpg.chip.jpg,19,Female,Asian
18_1_2_20170104020424141.jpg.chip.jpg,22,Female,Asian
18_1_2_20170104020428878.jpg.chip.jpg,31,Female,Asian
18_1_2_20170105183417710.jpg.chip.jpg,21,Female,Asian
18_1_3_20170104214217685.jpg.chip.jpg,22,Female,Indian
18_1_3_20170104221905278.jpg.chip.jpg,28,Female,Indian
18_1_3_20170104221920967.jpg.chip.jpg,17,Female,Indian
18_1_3_20170104221936503.jpg.chip.jpg,16,Female,Indian
18_1_4_20161223230852802.jpg.chip.jpg,21,Female,Others
18_1_4_20170103222949566.jpg.chip.jpg,21,Female,Others
18_1_4_20170103234101020.jpg.chip.jpg,20,Female,Others
19_0_1_20170110231826530.jpg.chip.jpg,19,Male,Black
19_0_1_20170110231850376.jpg.chip.jpg,21,Male,Black
19_1_0_20170103175610671.jpg.chip.jpg,16,Female,White
19_1_0_20170103175624137.jpg.chip.jpg,20,Female,White
19_1_2_20170104015921814.jpg.chip.jpg,23,Female,Asian
19_1_3_20170104221744823.jpg.chip.jpg,26,Female,Indian
19_1_3_20170104221847479.jpg.chip.jpg,15,Female,Indian
19_1_4_20170102235050099.jpg.chip.jpg,16,Female,Others
19_1_4_20170103234123155.jpg.chip.jpg,17,Female,Others
1_0_0_20161219163425847.jpg.chip.jpg,1,Male,White
1_0_0_20161219191012803.jpg.chip.jpg,1,Male,White
1_0_0_20161219202455708.jpg.chip.jpg,1,Male,White
1_0_0_20161219203009924.jpg.chip.jpg,1,Male,White
1_0_0_20161219204552941.jpg.chip.jpg,1,Male,White
1_0_0_20161219212409141.jpg.chip.jpg,1,Male,White
1_0_0_20161219212921070.jpg.chip.jpg,1,Male,White
1_0_0_20170109192219011.jpg.chip.jpg,1,Female,White
1_0_0_20170109193511684.jpg.chip.jpg,1,Male,White
1_0_0_20170110205339425.jpg.chip.jpg,1,Male,White
1_0_0_20170110212652648.jpg.chip.jpg,1,Male,White
1_0_0_20170110212658392.jpg.chip.jpg,1,Male,White
1_0_0_20170110212758683.jpg.chip.jpg,1,Male,White
1_0_0_20170110213005631.jpg.chip.jpg,1,Male,White
1_0_0_20170110213015629.jpg.chip.jpg,1,Male,White
1_0_0_20170110213043946.jpg.chip.jpg,1,Male,White
1_0_0_20170110213518456.jpg.chip.jpg,1,Male,White
1_0_0_20170110213519404.jpg.chip.jpg,1,Male,White
1_0_2_20161219140756601.jpg.chip.jpg,1,Male,Asian
1_0_2_20161219140929864.jpg.chip.jpg,1,Male,Asian
1_0_2_20161219142124569.jpg.chip.jpg,1,Male,Asian
1_0_2_20161219153127196.jpg.chip.jpg,1,Male,Asian
1_0_2_20161219154354285.jpg.chip.jpg,1,Male,Asian
1_0_2_20161219155859061.jpg.chip.jpg,1,Male,Asian
1_0_2_20161219161428895.jpg.chip.jpg,1,Male,Asian
1_0_2_20161219161625326.jpg.chip.jpg,1,Male,Asian
1_0_2_20161219162847615.jpg.chip.jpg,1,Male,Asian
1_0_2_20161219185955277.jpg.chip.jpg,1,Male,Asian
1_0_2_20161219194721851.jpg.chip.jpg,1,Male,Asian
1_0_2_20161219194804739.jpg.chip.jpg,1,Male,Asian
1_0_2_20161219194845363.jpg.chip.jpg,1,Male,Asian
1_0_2_20161219195130076.jpg.chip.jpg,1,Male,Asian
1_0_2_20161219195200555.jpg.chip.jpg,1,Male,Asian
1_0_2_20161219195643627.jpg.chip.jpg,1,Male,Asian
1_0_2_20161219200004228.jpg.chip.jpg,1,Male,Asian
1_0_2_20161219203256078.jpg.chip.jpg,1,Male,Asian
1_0_2_20161219203325644.jpg.chip.jpg,1,Male,Asian
1_0_2_20161219204024196.jpg.chip.jpg,1,Male,Asian
1_0_2_20161219204252348.jpg.chip.jpg,1,Male,Asian
1_0_2_20161219204836612.jpg.chip.jpg,1,Male,Asian
1_0_2_20161219205225773.jpg.chip.jpg,1,Male,Asian
1_0_2_20161219210754437.jpg.chip.jpg,1,Male,Asian
1_0_2_20161219211244365.jpg.chip.jpg,1,Male,Asian
1_0_2_20161219211407518.jpg.chip.jpg,1,Male,Asian
1_0_2_20161219211505437.jpg.chip.jpg,1,Male,Asian
1_0_2_20161219213454832.jpg.chip.jpg,1,Female,Asian
1_0_2_20161219221744255.jpg.chip.jpg,1,Male,Asian
1_0_2_20161219221751759.jpg.chip.jpg,1,Male,Asian
1_0_2_20161219222040503.jpg.chip.jpg,1,Male,Asian
1_0_2_20161219222046607.jpg.chip.jpg,1,Male,Asian
1_0_2_20161219222609775.jpg.chip.jpg,1,Male,Asian
1_0_2_20170110213415212.jpg.chip.jpg,1,Male,Asian
1_0_3_20161219224544080.jpg.chip.jpg,1,Male,Indian
1_0_3_20161219224546584.jpg.chip.jpg,1,Male,Indian
1_0_3_20161219224645904.jpg.chip.jpg,1,Male,Indian
1_0_3_20161219224843048.jpg.chip.jpg,1,Male,Indian
1_0_3_20161219224914784.jpg.chip.jpg,1,Male,Indian
1_0_3_20161219225021361.jpg.chip.jpg,1,Male,Indian
1_0_3_20161219225241152.jpg.chip.jpg,1,Male,Indian
1_0_3_20161219225615528.jpg.chip.jpg,1,Male,Indian
1_0_3_20161219225616560.jpg.chip.jpg,1,Male,Indian
1_0_3_20161219225648120.jpg.chip.jpg,1,Male,Indian
1_0_3_20161219225654600.jpg.chip.jpg,1,Male,Indian
1_0_3_20161219230224536.jpg.chip.jpg,1,Female,Indian
1_0_3_20161219230303992.jpg.chip.jpg,1,Male,Indian
1_0_3_20161219230534953.jpg.chip.jpg,1,Male,Indian
1_0_3_20161219230541656.jpg.chip.jpg,1,Male,Indian
1_0_3_20161219230714633.jpg.chip.jpg,1,Male,Indian
1_0_3_20161220142918568.jpg.chip.jpg,1,Male,Indian
1_0_3_20161220143114408.jpg.chip.jpg,1,Male,Indian
1_0_3_20161220144830816.jpg.chip.jpg,1,Male,Indian
1_0_3_20161220215943341.jpg.chip.jpg,1,Male,Indian
1_0_3_20161220215945524.jpg.chip.jpg,1,Male,Indian
1_0_3_20161220220040611.jpg.chip.jpg,1,Male,Indian
1_0_3_20161220220358441.jpg.chip.jpg,1,Male,Indian
1_0_3_20161220220411577.jpg.chip.jpg,1,Male,Indian
1_0_3_20161220223100579.jpg.chip.jpg,1,Male,Indian
1_0_3_20161220223225003.jpg.chip.jpg,1,Male,Indian
1_0_4_20161221192554517.jpg.chip.jpg,1,Male,Others
1_0_4_20161221192558436.jpg.chip.jpg,1,Male,Others
1_0_4_20161221192604164.jpg.chip.jpg,1,Male,Others
1_0_4_20161221194937848.jpg.chip.jpg,1,Male,Others
1_0_4_20161221195827599.jpg.chip.jpg,1,Male,Others
1_0_4_20161221195857728.jpg.chip.jpg,2,Male,Others
1_0_4_20161221201548713.jpg.chip.jpg,1,Male,Others
1_0_4_20161221202132305.jpg.chip.jpg,1,Male,White
1_0_4_20161221202458409.jpg.chip.jpg,1,Male,Others
1_0_4_20170103202356872.jpg.chip.jpg,1,Male,Others
1_0_4_20170103202417352.jpg.chip.jpg,1,Male,Others
1_0_4_20170103205838610.jpg.chip.jpg,1,Male,Others
1_1_0_20161219225855568.jpg.chip.jpg,1,Female,White
1_1_0_20161220220141090.jpg.chip.jpg,1,Female,White
1_1_0_20170109190455518.jpg.chip.jpg,1,Female,White
1_1_0_20170109190538300.jpg.chip.jpg,1,Female,White
1_1_0_20170109190843285.jpg.chip.jpg,1,Female,White
1_1_0_20170109190936410.jpg.chip.jpg,1,Female,White
1_1_0_20170109191140082.jpg.chip.jpg,1,Female,White
1_1_0_20170109191148861.jpg.chip.jpg,1,Female,White
1_1_0_20170109191225850.jpg.chip.jpg,1,Female,White
1_1_0_20170109191436874.jpg.chip.jpg,2,Female,White
1_1_0_20170109191709485.jpg.chip.jpg,2,Female,White
1_1_0_20170109192159501.jpg.chip.jpg,1,Female,White
1_1_0_20170109192451846.jpg.chip.jpg,1,Female,White
1_1_0_20170109193014933.jpg.chip.jpg,1,Female,White
1_1_0_20170109194032969.jpg.chip.jpg,1,Female,White
1_1_0_20170109194142307.jpg.chip.jpg,1,Female,White
1_1_0_20170109194410994.jpg.chip.jpg,1,Female,White
1_1_0_20170109194432489.jpg.chip.jpg,1,Female,White
1_1_0_20170109194456866.jpg.chip.jpg,1,Female,White
1_1_1_20161219155940125.jpg.chip.jpg,1,Female,Indian
1_1_1_20170103210044250.jpg.chip.jpg,1,Female,Black
1_1_1_20170109194554835.jpg.chip.jpg,1,Male,Black
1_1_1_20170109194611993.jpg.chip.jpg,1,Female,Black
1_1_2_20161219141431352.jpg.chip.jpg,1,Female,Asian
1_1_2_20161219141502337.jpg.chip.jpg,1,Female,Asian
1_1_2_20161219153439021.jpg.chip.jpg,1,Female,Asian
1_1_2_20161219153531852.jpg.chip.jpg,1,Female,Asian
1_1_2_20161219155705613.jpg.chip.jpg,1,Female,Asian
1_1_2_20161219155811293.jpg.chip.jpg,1,Female,Asian
1_1_2_20161219161757030.jpg.chip.jpg,1,Male,Asian
1_1_2_20161219162243182.jpg.chip.jpg,1,Female,Asian
1_1_2_20161219162730478.jpg.chip.jpg,1,Female,Asian
1_1_2_20161219194655428.jpg.chip.jpg,1,Female,Asian
1_1_2_20161219195213195.jpg.chip.jpg,1,Female,Asian
1_1_2_20161219195630371.jpg.chip.jpg,1,Female,Asian
1_1_2_20161219204523605.jpg.chip.jpg,1,Female,Asian
1_1_2_20161219205644669.jpg.chip.jpg,1,Male,Asian
1_1_2_20161219212514021.jpg.chip.jpg,1,Female,Asian
1_1_2_20161219221253335.jpg.chip.jpg,1,Female,Asian
1_1_2_20161221192810669.jpg.chip.jpg,1,Female,Asian
1_1_2_20170109193844660.jpg.chip.jpg,1,Female,Asian
1_1_3_20161219224458872.jpg.chip.jpg,1,Female,Indian
1_1_3_20161219224619703.jpg.chip.jpg,1,Female,Indian
1_1_3_20161219224718096.jpg.chip.jpg,1,Female,Indian
1_1_3_20161219224751288.jpg.chip.jpg,1,Female,Indian
1_1_3_20161219224951912.jpg.chip.jpg,1,Female,Indian
1_1_3_20161219225015272.jpg.chip.jpg,1,Female,Indian
1_1_3_20161219225657032.jpg.chip.jpg,1,Female,Indian
1_1_3_20161219225943008.jpg.chip.jpg,1,Female,Indian
1_1_3_20161220143156747.jpg.chip.jpg,1,Female,Indian
1_1_3_20161220143234887.jpg.chip.jpg,1,Female,Indian
1_1_3_20161220143239294.jpg.chip.jpg,1,Female,Indian
1_1_3_20161220143241765.jpg.chip.jpg,1,Female,Indian
1_1_3_20161220143345775.jpg.chip.jpg,1,Male,Indian
1_1_3_20161220143350174.jpg.chip.jpg,1,Female,Indian
1_1_3_20161220144645535.jpg.chip.jpg,1,Female,Indian
1_1_3_20161220145230678.jpg.chip.jpg,1,Female,Indian
1_1_3_20161220145435951.jpg.chip.jpg,1,Female,Indian
1_1_3_20161220220124722.jpg.chip.jpg,1,Female,Indian
1_1_3_20161220220126609.jpg.chip.jpg,1,Female,Indian
1_1_3_20161220220214417.jpg.chip.jpg,1,Female,Indian
1_1_3_20161220220219634.jpg.chip.jpg,1,Female,Indian
1_1_3_20161220220548777.jpg.chip.jpg,1,Female,Indian
1_1_3_20161220221800802.jpg.chip.jpg,1,Female,Indian
1_1_4_20161221192629892.jpg.chip.jpg,1,Female,Others
1_1_4_20161221192832972.jpg.chip.jpg,1,Female,Others
1_1_4_20161221201512713.jpg.chip.jpg,1,Female,Others
1_1_4_20161221202012433.jpg.chip.jpg,1,Female,Others
1_1_4_20161221202050009.jpg.chip.jpg,1,Female,Others
1_1_4_20161221202124857.jpg.chip.jpg,1,Female,Others
1_1_4_20161221202254377.jpg.chip.jpg,1,Female,Others
1_1_4_20161223231311515.jpg.chip.jpg,1,Female,Others
1_1_4_20170103205129266.jpg.chip.jpg,1,Female,Others
20_0_0_20170104230042553.jpg.chip.jpg,21,Male,White
20_0_0_20170105161706251.jpg.chip.jpg,27,Male,White
20_0_0_20170110231653536.jpg.chip.jpg,27,Male,White
20_0_3_20170104214317461.jpg.chip.jpg,29,Male,Indian
20_0_4_20170103234738979.jpg.chip.jpg,21,Male,Others
20_1_0_20170103163056975.jpg.chip.jpg,38,Female,White
20_1_0_20170103175525991.jpg.chip.jpg,42,Female,White
20_1_0_20170103175638671.jpg.chip.jpg,47,Female,White
20_1_0_20170105002441599.jpg.chip.jpg,22,Female,White
20_1_0_20170105183447816.jpg.chip.jpg,35,Female,White
20_1_0_20170109132033628.jpg.chip.jpg,38,Female,White
20_1_0_20170109214040024.jpg.chip.jpg,18,Female,White
20_1_1_20170105002448621.jpg.chip.jpg,22,Female,Black
20_1_2_20170103225030704.jpg.chip.jpg,21,Female,Asian
20_1_2_20170103234750663.jpg.chip.jpg,27,Female,Asian
20_1_2_20170108224234471.jpg.chip.jpg,21,Female,Asian
20_1_3_20170104222021392.jpg.chip.jpg,31,Female,Indian
20_1_3_20170104231456714.jpg.chip.jpg,24,Female,Indian
20_1_3_20170105000847091.jpg.chip.jpg,33,Female,Indian
20_1_4_20170103223033527.jpg.chip.jpg,19,Female,Others
20_1_4_20170103223121735.jpg.chip.jpg,22,Female,Others
20_1_4_20170103224557431.jpg.chip.jpg,15,Female,Others
20_1_4_20170103230215713.jpg.chip.jpg,24,Female,Others
21_0_0_20170102233225196.jpg.chip.jpg,22,Male,White
21_0_0_20170104020830476.jpg.chip.jpg,24,Male,White
21_0_0_20170104230103695.jpg.chip.jpg,21,Male,White
21_0_3_20170104225826937.jpg.chip.jpg,25,Male,Indian
21_0_3_20170104230718873.jpg.chip.jpg,24,Male,Indian
21_0_4_20161223214813672.jpg.chip.jpg,25,Male,Others
21_0_4_20161223214834745.jpg.chip.jpg,4,Male,Others
21_0_4_20170103223143358.jpg.chip.jpg,19,Male,White
21_1_0_20170105183508735.jpg.chip.jpg,35,Female,White
21_1_1_20170103223257503.jpg.chip.jpg,24,Female,Black
21_1_2_20170103180145808.jpg.chip.jpg,20,Female,Asian
21_1_2_20170109132112364.jpg.chip.jpg,22,Female,Asian
21_1_3_20170104222046054.jpg.chip.jpg,20,Female,Indian
21_1_3_20170104222121713.jpg.chip.jpg,19,Female,Indian
21_1_3_20170104222653479.jpg.chip.jpg,22,Female,Indian
21_1_3_20170104231633619.jpg.chip.jpg,22,Female,Indian
21_1_3_20170105003215901.jpg.chip.jpg,37,Female,Indian
21_1_4_20170103223204087.jpg.chip.jpg,24,Female,Others
21_1_4_20170103224431735.jpg.chip.jpg,29,Female,Others
22_0_0_20170104003948607.jpg.chip.jpg,32,Male,White
22_0_0_20170104225920241.jpg.chip.jpg,23,Male,White
22_0_0_20170108224621224.jpg.chip.jpg,37,Male,White
22_0_1_20170110223418177.jpg.chip.jpg,15,Male,Black
22_0_4_20170103224931632.jpg.chip.jpg,20,Male,Others
22_0_4_20170103234043547.jpg.chip.jpg,20,Male,Others
22_1_0_20170104165415377.jpg.chip.jpg,54,Female,White
22_1_0_20170105183534558.jpg.chip.jpg,13,Female,White
22_1_2_20161219192416602.jpg.chip.jpg,33,Female,Asian
22_1_2_20170103212729188.jpg.chip.jpg,25,Female,Asian
22_1_2_20170104020035915.jpg.chip.jpg,22,Female,Asian
22_1_2_20170104022012028.jpg.chip.jpg,22,Female,Asian
22_1_3_20161220222350986.jpg.chip.jpg,26,Female,Indian
22_1_3_20170104222853135.jpg.chip.jpg,20,Female,Indian
22_1_3_20170104222857952.jpg.chip.jpg,19,Female,Indian
22_1_3_20170104223452679.jpg.chip.jpg,23,Female,Indian
22_1_3_20170104231720114.jpg.chip.jpg,24,Female,Indian
22_1_3_20170104232054915.jpg.chip.jpg,36,Female,Indian
22_1_3_20170105002128188.jpg.chip.jpg,28,Female,Indian
22_1_4_20161223225936076.jpg.chip.jpg,25,Female,Others
22_1_4_20170103223042983.jpg.chip.jpg,20,Female,Others
22_1_4_20170103223216583.jpg.chip.jpg,28,Male,Others
22_1_4_20170103224503415.jpg.chip.jpg,26,Female,Others
22_1_4_20170103225112465.jpg.chip.jpg,31,Female,Others
22_1_4_20170103225813392.jpg.chip.jpg,21,Female,Others
22_1_4_20170103234706499.jpg.chip.jpg,25,Female,Others
23_0_2_20170108224712804.jpg.chip.jpg,29,Male,Asian
23_1_0_20170103233631243.jpg.chip.jpg,14,Female,White
23_1_0_20170103234935189.jpg.chip.jpg,24,Female,White
23_1_0_20170104020712460.jpg.chip.jpg,27,Female,White
23_1_0_20170105002627948.jpg.chip.jpg,21,Female,White
23_1_2_20170104020053452.jpg.chip.jpg,19,Female,Asian
23_1_2_20170105162514564.jpg.chip.jpg,29,Female,Asian
23_1_3_20161220222123987.jpg.chip.jpg,25,Female,Indian
23_1_3_20170104222257463.jpg.chip.jpg,21,Female,Indian
23_1_3_20170104223146287.jpg.chip.jpg,15,Female,Indian
23_1_3_20170104223200053.jpg.chip.jpg,34,Female,Indian
23_1_3_20170104231559289.jpg.chip.jpg,29,Female,Indian
23_1_3_20170104231807345.jpg.chip.jpg,23,Female,Indian
23_1_3_20170104231839354.jpg.chip.jpg,20,Female,Indian
23_1_3_20170109132112364.jpg.chip.jpg,37,Female,Indian
23_1_4_20161223230008236.jpg.chip.jpg,25,Female,Others
23_1_4_20170103223410718.jpg.chip.jpg,21,Female,Others
23_1_4_20170103223443239.jpg.chip.jpg,25,Female,Others
23_1_4_20170103224510895.jpg.chip.jpg,22,Female,Others
23_1_4_20170103225140728.jpg.chip.jpg,26,Female,Others
24_0_0_20170104165239658.jpg.chip.jpg,32,Male,White
24_0_2_20170104234829387.jpg.chip.jpg,19,Male,Asian
24_0_3_20170104214521685.jpg.chip.jpg,29,Male,Indian
24_0_4_20170103210118506.jpg.chip.jpg,24,Male,Others
24_1_0_20161223231304660.jpg.chip.jpg,27,Female,White
24_1_0_20170103163129280.jpg.chip.jpg,29,Female,White
24_1_0_20170103180625656.jpg.chip.jpg,33,Female,White
24_1_0_20170103180642496.jpg.chip.jpg,39,Female,White
24_1_0_20170104022030117.jpg.chip.jpg,31,Female,White
24_1_0_20170104022714148.jpg.chip.jpg,19,Female,White
24_1_0_20170105183641479.jpg.chip.jpg,23,Female,White
24_1_0_20170105183749799.jpg.chip.jpg,40,Female,White
24_1_0_20170109132509565.jpg.chip.jpg,14,Female,White
24_1_1_20170105183758847.jpg.chip.jpg,23,Female,Black
24_1_2_20170104015713028.jpg.chip.jpg,22,Female,Asian
24_1_2_20170104015726796.jpg.chip.jpg,23,Female,Asian
24_1_2_20170104021559044.jpg.chip.jpg,31,Female,Asian
24_1_2_20170104021837189.jpg.chip.jpg,28,Female,Asian
24_1_3_20161220221647314.jpg.chip.jpg,18,Female,Indian
24_1_3_20161220222118601.jpg.chip.jpg,22,Female,Indian
24_1_3_20170104215731414.jpg.chip.jpg,33,Female,Indian
24_1_3_20170104222402975.jpg.chip.jpg,24,Female,Indian
24_1_3_20170104222658903.jpg.chip.jpg,26,Female,Indian
24_1_3_20170104223019607.jpg.chip.jpg,19,Female,Indian
24_1_3_20170104231344873.jpg.chip.jpg,30,Female,Indian
24_1_3_20170104231625010.jpg.chip.jpg,24,Female,Indian
24_1_3_20170104231950346.jpg.chip.jpg,17,Female,Indian
24_1_3_20170104232545657.jpg.chip.jpg,27,Female,Indian
24_1_3_20170104235417596.jpg.chip.jpg,26,Female,Indian
24_1_3_20170109132534202.jpg.chip.jpg,31,Female,Indian
24_1_4_20170103212911364.jpg.chip.jpg,22,Female,Others
24_1_4_20170103212924934.jpg.chip.jpg,22,Female,Others
24_1_4_20170103223129750.jpg.chip.jpg,27,Female,Others
24_1_4_20170103223911478.jpg.chip.jpg,24,Female,Others
24_1_4_20170103223954911.jpg.chip.jpg,25,Female,Others
24_1_4_20170103224531167.jpg.chip.jpg,26,Female,Others
24_1_4_20170103230420760.jpg.chip.jpg,29,Female,Others
24_1_4_20170103233659572.jpg.chip.jpg,19,Female,Others
24_1_4_20170103233810029.jpg.chip.jpg,20,Female,Others
24_1_4_20170103235745076.jpg.chip.jpg,17,Female,Others
24_1_4_20170104005617062.jpg.chip.jpg,17,Female,Others
25_0_0_20170104004136182.jpg.chip.jpg,37,Male,White
25_0_0_20170105163328603.jpg.chip.jpg,45,Male,White
25_0_1_20170103180757928.jpg.chip.jpg,43,Male,Black
25_0_3_20170104214444117.jpg.chip.jpg,47,Male,Indian
25_0_3_20170105175316102.jpg.chip.jpg,26,Male,Indian
25_0_4_20170103235145124.jpg.chip.jpg,39,Male,Others
25_1_0_20170103163718321.jpg.chip.jpg,41,Female,White
25_1_0_20170103175643807.jpg.chip.jpg,39,Female,White
25_1_0_20170103180606727.jpg.chip.jpg,36,Female,White
25_1_0_20170103180657288.jpg.chip.jpg,36,Female,White
25_1_0_20170103180911281.jpg.chip.jpg,24,Female,White
25_1_0_20170104021710995.jpg.chip.jpg,29,Female,White
25_1_0_20170104022204452.jpg.chip.jpg,21,Female,White
25_1_0_20170105000610412.jpg.chip.jpg,37,Female,White
25_1_0_20170105002736333.jpg.chip.jpg,27,Female,White
25_1_1_20161220222224947.jpg.chip.jpg,54,Female,Black
25_1_2_20161219194224315.jpg.chip.jpg,21,Female,Asian
25_1_2_20161219194415803.jpg.chip.jpg,31,Female,Asian
25_1_2_20170104015640427.jpg.chip.jpg,30,Female,Asian
25_1_2_20170104015651372.jpg.chip.jpg,26,Female,Asian
25_1_2_20170104015838780.jpg.chip.jpg,27,Female,Asian
25_1_2_20170104020239939.jpg.chip.jpg,25,Female,Asian
25_1_2_20170104021048828.jpg.chip.jpg,27,Female,Asian
25_1_2_20170104021412148.jpg.chip.jpg,32,Female,Asian
25_1_3_20170104222454999.jpg.chip.jpg,21,Female,Indian
25_1_3_20170104223238159.jpg.chip.jpg,19,Female,Indian
25_1_3_20170104231357826.jpg.chip.jpg,32,Female,Indian
25_1_3_20170104231534609.jpg.chip.jpg,19,Female,Indian
25_1_3_20170104232025362.jpg.chip.jpg,24,Female,Indian
25_1_3_20170104234854715.jpg.chip.jpg,19,Female,Indian
25_1_3_20170105000930603.jpg.chip.jpg,25,Female,Indian
25_1_4_20161220222242243.jpg.chip.jpg,24,Female,Others
25_1_4_20161221195850512.jpg.chip.jpg,24,Female,Others
25_1_4_20170103182320042.jpg.chip.jpg,31,Female,Others
25_1_4_20170103225751729.jpg.chip.jpg,28,Female,Others
26_0_0_20170102233359482.jpg.chip.jpg,13,Male,White
26_0_0_20170103235356420.jpg.chip.jpg,28,Male,White
26_0_0_20170103235457445.jpg.chip.jpg,39,Male,White
26_0_0_20170104230421569.jpg.chip.jpg,31,Male,White
26_0_0_20170105164133579.jpg.chip.jpg,31,Male,White
26_0_1_20170105183906447.jpg.chip.jpg,31,Male,Black
26_0_2_20170104023216134.jpg.chip.jpg,25,Male,Asian
26_0_3_20170104214448709.jpg.chip.jpg,31,Male,Indian
26_0_3_20170104230258265.jpg.chip.jpg,20,Male,Indian
26_0_3_20170104230341769.jpg.chip.jpg,24,Male,Indian
26_0_3_20170104232129634.jpg.chip.jpg,30,Male,White
26_0_4_20170103224903432.jpg.chip.jpg,17,Male,Others
26_0_4_20170103235328516.jpg.chip.jpg,26,Male,Others
26_0_4_20170103235546910.jpg.chip.jpg,29,Male,Others
26_0_4_20170103235645596.jpg.chip.jpg,36,Male,Others
26_0_4_20170105162624331.jpg.chip.jpg,27,Male,Others
26_0_4_20170108224531895.jpg.chip.jpg,23,Male,Others
26_1_0_20170103180546928.jpg.chip.jpg,19,Female,White
26_1_0_20170103180946896.jpg.chip.jpg,42,Female,White
26_1_0_20170103181326336.jpg.chip.jpg,25,Female,White
26_1_0_20170104022111485.jpg.chip.jpg,39,Female,White
26_1_2_20170103181524137.jpg.chip.jpg,39,Female,Asian
26_1_2_20170104015741532.jpg.chip.jpg,23,Female,Asian
26_1_2_20170104015910819.jpg.chip.jpg,34,Female,Asian
26_1_2_20170104020149844.jpg.chip.jpg,27,Female,Asian
26_1_2_20170104020230700.jpg.chip.jpg,26,Female,Asian
26_1_2_20170104022833734.jpg.chip.jpg,26,Female,Asian
26_1_2_20170105161510388.jpg.chip.jpg,37,Female,Asian
26_1_3_20170104222736351.jpg.chip.jpg,36,Female,Indian
26_1_3_20170104222841167.jpg.chip.jpg,27,Female,Indian
26_1_3_20170104222855375.jpg.chip.jpg,14,Female,Indian
26_1_3_20170104223130527.jpg.chip.jpg,31,Female,Indian
26_1_3_20170104232139409.jpg.chip.jpg,19,Female,Indian
26_1_3_20170104235102538.jpg.chip.jpg,31,Female,Indian
26_1_3_20170109134452703.jpg.chip.jpg,21,Female,Indian
26_1_4_20170103224820592.jpg.chip.jpg,26,Female,Others
26_1_4_20170103235605244.jpg.chip.jpg,29,Female,Others
26_1_4_20170109002629914.jpg.chip.jpg,24,Female,Others
27_0_0_20170102233441859.jpg.chip.jpg,33,Male,White
27_0_0_20170102233549947.jpg.chip.jpg,50,Male,White
27_0_1_20170104181441861.jpg.chip.jpg,30,Male,Black
27_0_1_20170105164603540.jpg.chip.jpg,21,Male,Black
27_0_3_20170104214210099.jpg.chip.jpg,25,Male,Indian
27_0_4_20170103234827428.jpg.chip.jpg,37,Male,Others
27_0_4_20170103235757172.jpg.chip.jpg,49,Male,Others
27_0_4_20170104011307960.jpg.chip.jpg,28,Male,Others
27_1_0_20170103175534240.jpg.chip.jpg,59,Female,White
27_1_0_20170103180554504.jpg.chip.jpg,20,Female,White
27_1_0_20170103181541352.jpg.chip.jpg,58,Female,White
27_1_0_20170105162221371.jpg.chip.jpg,25,Female,White
27_1_0_20170111182452802.jpg.chip.jpg,33,Female,White
27_1_2_20170104020735627.jpg.chip.jpg,18,Female,Asian
27_1_3_20170104223119591.jpg.chip.jpg,24,Female,Indian
27_1_3_20170104231549626.jpg.chip.jpg,21,Female,Indian
27_1_3_20170104231741609.jpg.chip.jpg,27,Female,Indian
27_1_3_20170104235412059.jpg.chip.jpg,31,Female,Indian
27_1_3_20170109132133665.jpg.chip.jpg,47,Female,Indian
27_1_4_20170103225912217.jpg.chip.jpg,25,Male,Others
27_1_4_20170103230557794.jpg.chip.jpg,37,Female,Others
28_0_0_20170105161713835.jpg.chip.jpg,54,Male,White
28_0_0_20170105164855636.jpg.chip.jpg,15,Male,White
28_0_2_20170107212142294.jpg.chip.jpg,29,Male,Asian
28_0_3_20170104194548120.jpg.chip.jpg,32,Male,Indian
28_0_3_20170104214636285.jpg.chip.jpg,47,Male,Indian
28_0_3_20170104232432992.jpg.chip.jpg,22,Male,Indian
28_0_4_20170103213024052.jpg.chip.jpg,31,Male,Others
28_0_4_20170105183852672.jpg.chip.jpg,37,Male,Others
28_1_0_20170103180500095.jpg.chip.jpg,33,Female,White
28_1_0_20170103181722585.jpg.chip.jpg,29,Female,White
28_1_0_20170103183935666.jpg.chip.jpg,30,Female,White
28_1_0_20170104183435637.jpg.chip.jpg,34,Female,White
28_1_0_20170105000649036.jpg.chip.jpg,25,Female,White
28_1_0_20170105162552899.jpg.chip.jpg,29,Female,White
28_1_0_20170105164921188.jpg.chip.jpg,31,Female,White
28_1_0_20170105165058893.jpg.chip.jpg,46,Female,White
28_1_0_20170105183923408.jpg.chip.jpg,27,Female,White
28_1_0_20170108224157680.jpg.chip.jpg,17,Female,White
28_1_1_20170103182939570.jpg.chip.jpg,31,Female,Black
28_1_1_20170105003322373.jpg.chip.jpg,24,Female,Black
28_1_2_20170105162338411.jpg.chip.jpg,21,Female,Asian
28_1_3_20170104232946267.jpg.chip.jpg,30,Female,Indian
28_1_3_20170109131950179.jpg.chip.jpg,23,Female,Indian
28_1_3_20170109132327888.jpg.chip.jpg,56,Female,Indian
28_1_4_20170103225940625.jpg.chip.jpg,27,Female,Others
28_1_4_20170103230506947.jpg.chip.jpg,26,Female,Others
28_1_4_20170104000708986.jpg.chip.jpg,34,Female,Others
29_0_0_20170103182333545.jpg.chip.jpg,32,Male,White
29_0_0_20170104170138033.jpg.chip.jpg,42,Male,White
29_0_0_20170104201134466.jpg.chip.jpg,32,Male,White
29_0_0_20170104230319649.jpg.chip.jpg,35,Male,Others
29_0_0_20170105163720435.jpg.chip.jpg,31,Male,White
29_0_0_20170105164610203.jpg.chip.jpg,40,Male,White
29_0_0_20170108223214078.jpg.chip.jpg,27,Male,White
29_0_1_20170104202114602.jpg.chip.jpg,45,Male,Black
29_0_4_20170103235516820.jpg.chip.jpg,34,Male,Others
29_0_4_20170104200625561.jpg.chip.jpg,28,Male,Others
29_1_0_20170103180724800.jpg.chip.jpg,35,Female,White
29_1_0_20170103180808736.jpg.chip.jpg,42,Female,White
29_1_0_20170103181430872.jpg.chip.jpg,24,Female,White
29_1_0_20170103181510040.jpg.chip.jpg,44,Female,White
29_1_0_20170104021759835.jpg.chip.jpg,41,Female,White
29_1_0_20170104022059373.jpg.chip.jpg,28,Female,White
29_1_0_20170104023227077.jpg.chip.jpg,21,Female,White
29_1_0_20170104165932577.jpg.chip.jpg,35,Female,White
29_1_0_20170104185616837.jpg.chip.jpg,25,Female,White
29_1_0_20170104192921991.jpg.chip.jpg,16,Female,White
29_1_0_20170105163239939.jpg.chip.jpg,27,Female,White
29_1_0_20170109134431956.jpg.chip.jpg,54,Female,White
29_1_1_20170104192718648.jpg.chip.jpg,34,Female,Black
29_1_2_20170104022649462.jpg.chip.jpg,25,Female,Asian
29_1_2_20170104023153742.jpg.chip.jpg,28,Female,Asian
29_1_2_20170105165156291.jpg.chip.jpg,25,Female,Asian
29_1_3_20170104223010439.jpg.chip.jpg,41,Female,Indian
29_1_3_20170104232728113.jpg.chip.jpg,27,Female,Indian
29_1_3_20170104235317706.jpg.chip.jpg,40,Female,Indian
29_1_3_20170109133003868.jpg.chip.jpg,35,Female,Indian
29_1_4_20170103180829632.jpg.chip.jpg,21,Female,Others
29_1_4_20170103235218684.jpg.chip.jpg,39,Female,Others
29_1_4_20170104165318736.jpg.chip.jpg,28,Female,Others
2_0_0_20170103175540113.jpg.chip.jpg,2,Male,White
2_0_0_20170103202801736.jpg.chip.jpg,1,Female,White
2_0_0_20170103205800494.jpg.chip.jpg,1,Male,White
2_0_0_20170109190947004.jpg.chip.jpg,2,Male,White
2_0_0_20170110212710755.jpg.chip.jpg,1,Male,White
2_0_0_20170110212802305.jpg.chip.jpg,3,Male,White
2_0_0_20170110212816271.jpg.chip.jpg,1,Male,White
2_0_0_20170110212819281.jpg.chip.jpg,1,Male,White
2_0_0_20170110213247257.jpg.chip.jpg,3,Male,White
2_0_0_20170110225322822.jpg.chip.jpg,1,Male,White
2_0_2_20161219140712432.jpg.chip.jpg,2,Male,Asian
2_0_2_20161219140905480.jpg.chip.jpg,1,Male,Asian
2_0_2_20161219151420756.jpg.chip.jpg,1,Male,Asian
2_0_2_20161219152914700.jpg.chip.jpg,1,Male,Asian
2_0_2_20161219162317542.jpg.chip.jpg,2,Male,Asian
2_0_2_20161219162403159.jpg.chip.jpg,1,Male,Asian
2_0_2_20161219162438366.jpg.chip.jpg,2,Male,Asian
2_0_2_20161219191202354.jpg.chip.jpg,2,Male,Asian
2_0_2_20161219194420523.jpg.chip.jpg,1,Male,Asian
2_0_2_20161219194955267.jpg.chip.jpg,1,Male,Asian
2_0_2_20161219195707820.jpg.chip.jpg,1,Male,Asian
2_0_2_20161219202639225.jpg.chip.jpg,2,Male,Asian
2_0_2_20161219203126700.jpg.chip.jpg,1,Male,Asian
2_0_2_20161219203844252.jpg.chip.jpg,1,Male,Asian
2_0_2_20161219204927996.jpg.chip.jpg,2,Male,Asian
2_0_2_20161219212035798.jpg.chip.jpg,1,Male,Asian
2_0_3_20161219224848808.jpg.chip.jpg,2,Male,Indian
2_0_3_20161219225137296.jpg.chip.jpg,1,Male,Indian
2_0_3_20161219225453639.jpg.chip.jpg,1,Male,Indian
2_0_3_20161219225554448.jpg.chip.jpg,1,Male,Indian
2_0_3_20161220143058738.jpg.chip.jpg,1,Male,Indian
2_0_3_20161220144721023.jpg.chip.jpg,2,Male,Indian
2_0_4_20161221192650388.jpg.chip.jpg,1,Male,Others
2_0_4_20161221202417666.jpg.chip.jpg,1,Male,Others
2_0_4_20161221202918296.jpg.chip.jpg,1,Male,Others
2_0_4_20161221202954025.jpg.chip.jpg,1,Male,Others
2_0_4_20170103204813658.jpg.chip.jpg,1,Male,Others
2_0_4_20170103210125060.jpg.chip.jpg,2,Male,Others
2_0_4_20170103210452250.jpg.chip.jpg,1,Male,Others
2_0_4_20170103210928251.jpg.chip.jpg,1,Male,Others
2_0_4_20170103230700225.jpg.chip.jpg,1,Male,Others
2_1_0_20161219154458917.jpg.chip.jpg,1,Female,White
2_1_0_20161219162255926.jpg.chip.jpg,1,Female,White
2_1_0_20161219190909739.jpg.chip.jpg,2,Female,White
2_1_0_20170109193339281.jpg.chip.jpg,1,Female,White
2_1_0_20170109194017380.jpg.chip.jpg,1,Female,White
2_1_1_20161219155833405.jpg.chip.jpg,1,Female,Black
2_1_1_20170109194517710.jpg.chip.jpg,1,Female,Black
2_1_2_20161219140650888.jpg.chip.jpg,2,Female,Asian
2_1_2_20161219140736641.jpg.chip.jpg,3,Female,Asian
2_1_2_20161219140840080.jpg.chip.jpg,1,Female,Asian
2_1_2_20161219141047001.jpg.chip.jpg,1,Female,Asian
2_1_2_20161219142349633.jpg.chip.jpg,1,Female,Asian
2_1_2_20161219151404675.jpg.chip.jpg,2,Female,Asian
2_1_2_20161219151919100.jpg.chip.jpg,2,Female,Asian
2_1_2_20161219153759916.jpg.chip.jpg,2,Female,Asian
2_1_2_20161219154604597.jpg.chip.jpg,1,Female,Asian
2_1_2_20161219160809142.jpg.chip.jpg,1,Female,Asian
2_1_2_20161219161912078.jpg.chip.jpg,1,Male,Asian
2_1_2_20161219162834654.jpg.chip.jpg,1,Female,Asian
2_1_2_20161219162835606.jpg.chip.jpg,2,Female,Asian
2_1_2_20161219192113948.jpg.chip.jpg,1,Female,Asian
2_1_2_20161219192330594.jpg.chip.jpg,1,Female,Asian
2_1_2_20161219203800420.jpg.chip.jpg,2,Female,Asian
2_1_2_20161219204458116.jpg.chip.jpg,1,Female,Asian
2_1_2_20161219211133165.jpg.chip.jpg,1,Female,Asian
2_1_2_20161219212017166.jpg.chip.jpg,1,Female,Asian
2_1_2_20161219212252310.jpg.chip.jpg,2,Female,Asian
2_1_2_20161219213559615.jpg.chip.jpg,1,Female,Asian
2_1_2_20170109191828204.jpg.chip.jpg,1,Female,Asian
2_1_3_20161219224725248.jpg.chip.jpg,3,Female,Indian
2_1_3_20161219225500961.jpg.chip.jpg,1,Female,Indian
2_1_3_20161219225526407.jpg.chip.jpg,2,Female,Indian
2_1_3_20161219225738912.jpg.chip.jpg,1,Female,Indian
2_1_3_20161219225740952.jpg.chip.jpg,2,Female,Indian
2_1_3_20161219225905168.jpg.chip.jpg,1,Female,Indian
2_1_3_20161219225920200.jpg.chip.jpg,2,Female,Indian
2_1_3_20161220143102967.jpg.chip.jpg,1,Female,Indian
2_1_3_20161220144445968.jpg.chip.jpg,1,Female,Indian
2_1_3_20161220144625342.jpg.chip.jpg,2,Female,Indian
2_1_3_20161220144846231.jpg.chip.jpg,1,Female,Indian
2_1_3_20161220145350335.jpg.chip.jpg,1,Female,Indian
2_1_4_20161221192754807.jpg.chip.jpg,1,Female,Others
2_1_4_20161221193638214.jpg.chip.jpg,1,Female,Others
2_1_4_20161221195003500.jpg.chip.jpg,1,Female,Others
2_1_4_20161221195222927.jpg.chip.jpg,1,Female,Others
2_1_4_20161221195444552.jpg.chip.jpg,2,Female,Others
2_1_4_20161221195838329.jpg.chip.jpg,1,Female,Others
2_1_4_20161221201540105.jpg.chip.jpg,1,Female,Others
2_1_4_20161221202503449.jpg.chip.jpg,1,Female,Others
2_1_4_20170103205101618.jpg.chip.jpg,2,Female,Others
2_1_4_20170103211018347.jpg.chip.jpg,2,Female,Others
30_0_0_20170104200840697.jpg.chip.jpg,26,Male,White
30_0_2_20170103235423316.jpg.chip.jpg,28,Male,Asian
30_1_0_20170103182948122.jpg.chip.jpg,34,Female,White
30_1_0_20170104165043953.jpg.chip.jpg,17,Female,White
30_1_0_20170104184950950.jpg.chip.jpg,65,Female,White
30_1_0_20170105165034356.jpg.chip.jpg,38,Female,White
30_1_2_20170104020133916.jpg.chip.jpg,19,Female,Asian
30_1_2_20170104020408339.jpg.chip.jpg,33,Female,Asian
30_1_2_20170104020950540.jpg.chip.jpg,29,Female,Asian
30_1_2_20170104022925822.jpg.chip.jpg,23,Female,Asian
30_1_2_20170104192931704.jpg.chip.jpg,25,Female,Asian
30_1_2_20170105162719051.jpg.chip.jpg,30,Female,Asian
30_1_3_20170104223046816.jpg.chip.jpg,22,Female,Indian
30_1_3_20170104232927250.jpg.chip.jpg,31,Female,Indian
30_1_3_20170109132828919.jpg.chip.jpg,35,Female,Indian
30_1_4_20170103225917841.jpg.chip.jpg,34,Female,Others
31_0_0_20170104170131913.jpg.chip.jpg,54,Male,White
31_0_0_20170109134322184.jpg.chip.jpg,47,Male,White
31_0_3_20170104165548728.jpg.chip.jpg,33,Male,Indian
31_0_3_20170104214647533.jpg.chip.jpg,28,Male,Indian
31_1_0_20170103180729440.jpg.chip.jpg,26,Female,White
31_1_0_20170103181436000.jpg.chip.jpg,64,Female,White
31_1_0_20170103182531906.jpg.chip.jpg,59,Female,White
31_1_0_20170103182729649.jpg.chip.jpg,30,Female,White
31_1_1_20170103183224642.jpg.chip.jpg,43,Female,Black
31_1_2_20161219203219180.jpg.chip.jpg,19,Female,Asian
31_1_2_20170104022004181.jpg.chip.jpg,30,Female,Asian
31_1_2_20170104234746818.jpg.chip.jpg,25,Female,Asian
31_1_2_20170109141257277.jpg.chip.jpg,54,Female,Asian
31_1_3_20170104223106921.jpg.chip.jpg,29,Female,Indian
31_1_3_20170104234902482.jpg.chip.jpg,23,Female,Indian
31_1_3_20170109134554005.jpg.chip.jpg,22,Female,Indian
31_1_4_20170103230221721.jpg.chip.jpg,24,Female,Others
31_1_4_20170103230330201.jpg.chip.jpg,32,Female,Others
31_1_4_20170103234105597.jpg.chip.jpg,23,Female,Others
31_1_4_20170104165129944.jpg.chip.jpg,30,Female,Others
32_0_0_20170104165226793.jpg.chip.jpg,24,Male,White
32_0_0_20170104172409163.jpg.chip.jpg,46,Male,White
32_0_0_20170104202207601.jpg.chip.jpg,37,Male,White
32_0_0_20170105171757165.jpg.chip.jpg,35,Male,White
32_0_2_20170104170708615.jpg.chip.jpg,33,Male,Asian
32_0_2_20170104192811687.jpg.chip.jpg,23,Male,Asian
32_0_3_20170104214152870.jpg.chip.jpg,49,Male,Indian
32_0_4_20170103235323876.jpg.chip.jpg,41,Male,Others
32_1_0_20170103163352672.jpg.chip.jpg,36,Female,White
32_1_0_20170103181759833.jpg.chip.jpg,29,Female,White
32_1_0_20170103181859185.jpg.chip.jpg,54,Female,White
32_1_0_20170103182602906.jpg.chip.jpg,37,Female,White
32_1_0_20170103182609772.jpg.chip.jpg,33,Female,White
32_1_0_20170103183219410.jpg.chip.jpg,38,Female,White
32_1_0_20170104171643865.jpg.chip.jpg,36,Female,White
32_1_0_20170104172647281.jpg.chip.jpg,23,Female,White
32_1_0_20170104234919354.jpg.chip.jpg,40,Female,White
32_1_0_20170108224936101.jpg.chip.jpg,25,Female,White
32_1_0_20170109140418625.jpg.chip.jpg,28,Female,Indian
32_1_1_20170103162943271.jpg.chip.jpg,32,Female,Black
32_1_2_20170103181041008.jpg.chip.jpg,54,Female,Asian
32_1_2_20170104202227882.jpg.chip.jpg,22,Female,Asian
32_1_2_20170109004658032.jpg.chip.jpg,23,Female,Asian
32_1_3_20170104235603636.jpg.chip.jpg,29,Female,Indian
32_1_3_20170109134532682.jpg.chip.jpg,44,Female,Indian
32_1_3_20170109141349200.jpg.chip.jpg,22,Female,Indian
32_1_3_20170109141353848.jpg.chip.jpg,57,Female,Indian
32_1_4_20170103225047472.jpg.chip.jpg,33,Female,Others
32_1_4_20170103225837104.jpg.chip.jpg,34,Female,Others
33_0_0_20170104202119290.jpg.chip.jpg,36,Male,White
33_0_0_20170108224634529.jpg.chip.jpg,32,Male,White
33_0_4_20170103235213148.jpg.chip.jpg,35,Male,Others
33_1_0_20170103163004757.jpg.chip.jpg,25,Female,White
33_1_0_20170103175603141.jpg.chip.jpg,47,Female,White
33_1_0_20170104171713868.jpg.chip.jpg,51,Female,White
33_1_0_20170105003407044.jpg.chip.jpg,32,Female,White
33_1_0_20170105183847334.jpg.chip.jpg,56,Female,White
33_1_2_20170104022342934.jpg.chip.jpg,32,Female,Asian
33_1_3_20170104235051234.jpg.chip.jpg,33,Female,Indian
34_0_0_20170103182629265.jpg.chip.jpg,39,Male,White
34_0_0_20170104170055225.jpg.chip.jpg,42,Male,White
34_0_0_20170104201652065.jpg.chip.jpg,30,Male,White
34_0_0_20170105183623375.jpg.chip.jpg,35,Male,White
34_1_0_20170103163016663.jpg.chip.jpg,40,Female,White
34_1_0_20170103163031248.jpg.chip.jpg,34,Female,White
34_1_0_20170103182644010.jpg.chip.jpg,55,Female,White
34_1_0_20170103182645609.jpg.chip.jpg,44,Female,White
34_1_0_20170103183107138.jpg.chip.jpg,34,Female,White
34_1_0_20170103183147490.jpg.chip.jpg,52,Female,White
34_1_0_20170104233858010.jpg.chip.jpg,40,Female,White
34_1_0_20170104235402171.jpg.chip.jpg,49,Female,White
34_1_0_20170105172420589.jpg.chip.jpg,39,Female,White
34_1_0_20170105172659429.jpg.chip.jpg,52,Female,White
34_1_0_20170109004755204.jpg.chip.jpg,35,Female,White
34_1_1_20170104011329697.jpg.chip.jpg,54,Female,Black
34_1_2_20170104023010725.jpg.chip.jpg,28,Female,Asian
34_1_2_20170104204327523.jpg.chip.jpg,47,Female,Asian
34_1_2_20170105172720493.jpg.chip.jpg,46,Female,Asian
34_1_4_20170103230336761.jpg.chip.jpg,25,Female,Others
35_0_0_20170104200553297.jpg.chip.jpg,20,Male,White
35_0_0_20170105162448427.jpg.chip.jpg,33,Male,Others
35_0_0_20170105163921171.jpg.chip.jpg,45,Male,White
35_0_0_20170105164824674.jpg.chip.jpg,45,Male,White
35_0_0_20170109002832784.jpg.chip.jpg,34,Male,White
35_0_2_20170104201518561.jpg.chip.jpg,23,Male,Asian
35_0_2_20170104201834738.jpg.chip.jpg,27,Male,Asian
35_0_4_20170103234956580.jpg.chip.jpg,45,Male,Others
35_0_4_20170104011337576.jpg.chip.jpg,42,Male,White
35_0_4_20170104165959561.jpg.chip.jpg,33,Male,Others
35_0_4_20170105162641195.jpg.chip.jpg,48,Male,Others
35_1_0_20170103163357623.jpg.chip.jpg,51,Female,White
35_1_0_20170103163453110.jpg.chip.jpg,44,Female,White
35_1_0_20170103183207120.jpg.chip.jpg,41,Female,White
35_1_0_20170104171655778.jpg.chip.jpg,64,Female,White
35_1_0_20170105162358962.jpg.chip.jpg,31,Female,White
35_1_0_20170105172551789.jpg.chip.jpg,24,Female,White
35_1_3_20170104220136126.jpg.chip.jpg,27,Female,Indian
35_1_3_20170104223440424.jpg.chip.jpg,31,Female,Indian
35_1_3_20170104231728913.jpg.chip.jpg,25,Female,Indian
35_1_3_20170104232853676.jpg.chip.jpg,33,Female,Indian
35_1_3_20170104235206234.jpg.chip.jpg,48,Female,Indian
35_1_3_20170109140914004.jpg.chip.jpg,42,Female,Indian
35_1_4_20170109003348401.jpg.chip.jpg,23,Female,Others
36_0_0_20170104172716658.jpg.chip.jpg,52,Male,White
36_0_0_20170104173002256.jpg.chip.jpg,47,Male,White
36_0_0_20170104204247899.jpg.chip.jpg,33,Male,White
36_0_0_20170105163417082.jpg.chip.jpg,25,Male,White
36_0_0_20170105171802956.jpg.chip.jpg,25,Male,White
36_0_2_20170103235656733.jpg.chip.jpg,47,Male,Asian
36_0_2_20170104165035320.jpg.chip.jpg,32,Male,Asian
36_0_2_20170104200528385.jpg.chip.jpg,45,Male,Asian
36_0_2_20170105163358596.jpg.chip.jpg,23,Male,Asian
36_1_0_20170103181817489.jpg.chip.jpg,48,Female,White
36_1_0_20170103182854050.jpg.chip.jpg,48,Female,White
36_1_0_20170103183128874.jpg.chip.jpg,54,Female,White
36_1_0_20170104164857729.jpg.chip.jpg,59,Female,White
36_1_0_20170104171550313.jpg.chip.jpg,49,Female,White
36_1_0_20170105001300131.jpg.chip.jpg,30,Female,White
36_1_0_20170105161643483.jpg.chip.jpg,37,Female,White
36_1_0_20170105162608884.jpg.chip.jpg,35,Female,White
36_1_0_20170108230047374.jpg.chip.jpg,23,Female,White
36_1_2_20170105000458833.jpg.chip.jpg,23,Female,Asian
37_0_0_20170104205841436.jpg.chip.jpg,55,Male,White
37_0_0_20170105172903283.jpg.chip.jpg,42,Male,White
37_0_0_20170109003623296.jpg.chip.jpg,56,Male,White
37_0_0_20170109015606661.jpg.chip.jpg,51,Male,White
37_0_2_20170105163305795.jpg.chip.jpg,20,Male,Asian
37_0_3_20170105175547134.jpg.chip.jpg,42,Male,Indian
37_0_3_20170109012450792.jpg.chip.jpg,33,Male,Indian
37_0_4_20170104205837940.jpg.chip.jpg,37,Male,Others
37_1_0_20170103175351545.jpg.chip.jpg,50,Female,White
37_1_0_20170103181740689.jpg.chip.jpg,38,Female,White
37_1_0_20170103182837146.jpg.chip.jpg,58,Female,White
37_1_0_20170104181525205.jpg.chip.jpg,47,Female,White
37_1_0_20170104183404469.jpg.chip.jpg,39,Female,White
37_1_0_20170104194539720.jpg.chip.jpg,34,Female,White
37_1_0_20170109134546708.jpg.chip.jpg,30,Female,White
37_1_2_20170104005945096.jpg.chip.jpg,47,Female,Asian
37_1_2_20170105172732733.jpg.chip.jpg,31,Female,Asian
37_1_3_20170104235312145.jpg.chip.jpg,32,Female,Indian
38_0_0_20170104203131804.jpg.chip.jpg,67,Male,White
38_0_0_20170104204524306.jpg.chip.jpg,46,Male,White
38_0_0_20170105163932764.jpg.chip.jpg,37,Male,White
38_0_0_20170105172756958.jpg.chip.jpg,55,Male,White
38_0_2_20170104194407752.jpg.chip.jpg,33,Male,Asian
38_0_2_20170109002407221.jpg.chip.jpg,31,Male,Asian
38_0_4_20170104000126452.jpg.chip.jpg,37,Male,Others
38_0_4_20170104174520099.jpg.chip.jpg,39,Male,Others
38_1_0_20170104184650846.jpg.chip.jpg,63,Female,White
38_1_0_20170104200929513.jpg.chip.jpg,33,Female,White
38_1_0_20170104201618841.jpg.chip.jpg,46,Female,White
38_1_0_20170105001437325.jpg.chip.jpg,43,Female,White
38_1_2_20170109002533677.jpg.chip.jpg,41,Female,Asian
38_1_3_20170104235012233.jpg.chip.jpg,50,Female,Indian
39_0_0_20170103183234026.jpg.chip.jpg,50,Male,White
39_0_0_20170104181448317.jpg.chip.jpg,48,Male,White
39_0_0_20170104181458853.jpg.chip.jpg,43,Male,White
39_0_0_20170104184941845.jpg.chip.jpg,62,Male,White
39_0_0_20170104202328306.jpg.chip.jpg,37,Male,White
39_0_0_20170104204706825.jpg.chip.jpg,38,Male,White
39_0_0_20170104205032348.jpg.chip.jpg,41,Male,White
39_0_0_20170104205154433.jpg.chip.jpg,57,Male,White
39_0_0_20170105172425829.jpg.chip.jpg,47,Male,White
39_0_0_20170109004718122.jpg.chip.jpg,54,Male,White
39_0_0_20170109010216194.jpg.chip.jpg,34,Male,White
39_0_2_20170104201921434.jpg.chip.jpg,29,Male,Asian
39_0_3_20170104220730909.jpg.chip.jpg,42,Male,Indian
39_0_3_20170105172840532.jpg.chip.jpg,40,Male,Indian
39_0_4_20170104205430619.jpg.chip.jpg,41,Male,Others
39_0_4_20170105172836893.jpg.chip.jpg,47,Male,Others
39_1_0_20170103181459801.jpg.chip.jpg,54,Female,White
39_1_0_20170103182037472.jpg.chip.jpg,40,Female,White
39_1_0_20170105001220803.jpg.chip.jpg,50,Female,White
39_1_0_20170105002727282.jpg.chip.jpg,48,Female,White
39_1_0_20170109012128721.jpg.chip.jpg,41,Female,Others
39_1_0_20170109013531415.jpg.chip.jpg,47,Female,White
39_1_0_20170109141437262.jpg.chip.jpg,46,Female,White
39_1_2_20170108225357064.jpg.chip.jpg,28,Female,Asian
39_1_3_20170104214549390.jpg.chip.jpg,27,Female,Indian
39_1_3_20170104223518221.jpg.chip.jpg,30,Female,Indian
39_1_3_20170104233629347.jpg.chip.jpg,45,Female,Indian
39_1_3_20170104234641563.jpg.chip.jpg,23,Female,Indian
39_1_3_20170110173815028.jpg.chip.jpg,31,Female,Indian
39_1_4_20170104172929139.jpg.chip.jpg,41,Female,Others
39_1_4_20170105001146812.jpg.chip.jpg,20,Female,Others
3_0_0_20170110211426831.jpg.chip.jpg,3,Male,White
3_0_0_20170110212719382.jpg.chip.jpg,2,Male,White
3_0_0_20170110212748579.jpg.chip.jpg,1,Male,White
3_0_0_20170110213048070.jpg.chip.jpg,2,Male,White
3_0_0_20170110213136600.jpg.chip.jpg,3,Male,White
3_0_0_20170110213445289.jpg.chip.jpg,2,Male,White
3_0_0_20170110213730328.jpg.chip.jpg,4,Male,White
3_0_2_20161219151511755.jpg.chip.jpg,1,Male,Asian
3_0_3_20161219230515152.jpg.chip.jpg,9,Male,Indian
3_0_3_20161220145007862.jpg.chip.jpg,3,Male,Indian
3_0_3_20161220145539630.jpg.chip.jpg,3,Male,Indian
3_0_4_20161221193406126.jpg.chip.jpg,4,Male,Others
3_1_0_20161219204602748.jpg.chip.jpg,8,Female,White
3_1_0_20161219230026848.jpg.chip.jpg,3,Female,White
3_1_0_20170104010100263.jpg.chip.jpg,3,Female,White
3_1_0_20170109190815163.jpg.chip.jpg,2,Female,White
3_1_0_20170109191013750.jpg.chip.jpg,2,Female,White
3_1_0_20170109191527360.jpg.chip.jpg,3,Female,White
3_1_0_20170109192003664.jpg.chip.jpg,2,Female,White
3_1_0_20170109192420753.jpg.chip.jpg,2,Female,White
3_1_0_20170109192750346.jpg.chip.jpg,1,Female,White
3_1_2_20161219141356665.jpg.chip.jpg,2,Female,Asian
3_1_2_20161219151448835.jpg.chip.jpg,2,Female,Asian
3_1_2_20161219151926867.jpg.chip.jpg,3,Female,Asian
3_1_2_20161219155533269.jpg.chip.jpg,2,Female,Asian
3_1_2_20161219160306229.jpg.chip.jpg,1,Female,Asian
3_1_2_20161219160308941.jpg.chip.jpg,3,Female,Asian
3_1_2_20161219162002349.jpg.chip.jpg,2,Female,Asian
3_1_2_20161219212214190.jpg.chip.jpg,3,Female,Asian
3_1_3_20161219224636608.jpg.chip.jpg,2,Female,Indian
3_1_4_20161221192709141.jpg.chip.jpg,3,Female,Others
3_1_4_20161221195312639.jpg.chip.jpg,2,Male,Others
3_1_4_20170103213251308.jpg.chip.jpg,1,Female,Others
3_1_4_20170103234200795.jpg.chip.jpg,4,Female,Others
3_1_4_20170104005006111.jpg.chip.jpg,1,Female,Others
40_0_0_20170104165249089.jpg.chip.jpg,59,Male,White
40_0_0_20170104170121569.jpg.chip.jpg,35,Male,White
40_0_0_20170104170254385.jpg.chip.jpg,48,Male,White
40_0_0_20170104181301060.jpg.chip.jpg,46,Male,White
40_0_0_20170104183456150.jpg.chip.jpg,56,Male,White
40_0_0_20170104202600778.jpg.chip.jpg,41,Male,White
40_0_0_20170104204711073.jpg.chip.jpg,31,Male,White
40_0_0_20170104205218667.jpg.chip.jpg,44,Male,White
40_0_0_20170104205634244.jpg.chip.jpg,45,Male,White
40_0_0_20170105172450332.jpg.chip.jpg,33,Male,White
40_0_2_20170104170505569.jpg.chip.jpg,53,Male,Asian
40_0_3_20170104201852330.jpg.chip.jpg,31,Male,Indian
40_0_4_20170104001839285.jpg.chip.jpg,44,Male,Others
40_0_4_20170104200459608.jpg.chip.jpg,38,Male,Others
40_1_0_20170103181824761.jpg.chip.jpg,54,Female,White
40_1_0_20170104172853980.jpg.chip.jpg,33,Female,White
40_1_0_20170104172936762.jpg.chip.jpg,28,Female,White
40_1_0_20170104183430557.jpg.chip.jpg,37,Female,White
40_1_0_20170104183639757.jpg.chip.jpg,60,Female,White
40_1_0_20170104204319051.jpg.chip.jpg,33,Female,White
40_1_0_20170105164619947.jpg.chip.jpg,38,Female,White
40_1_1_20170110153441199.jpg.chip.jpg,40,Female,Black
40_1_2_20170109003053046.jpg.chip.jpg,38,Female,Asian
40_1_4_20170103230416025.jpg.chip.jpg,29,Female,Others
41_0_0_20170104165442057.jpg.chip.jpg,43,Male,White
41_0_0_20170104204845308.jpg.chip.jpg,29,Male,White
41_0_3_20170104215454077.jpg.chip.jpg,45,Male,Indian
41_0_3_20170109140906863.jpg.chip.jpg,41,Male,Indian
41_1_0_20170103181204176.jpg.chip.jpg,48,Female,White
41_1_0_20170109012224846.jpg.chip.jpg,48,Female,White
41_1_0_20170109132156624.jpg.chip.jpg,46,Female,White
41_1_0_20170111182452877.jpg.chip.jpg,29,Female,Others
41_1_3_20170104214413309.jpg.chip.jpg,29,Female,Indian
41_1_4_20170104204946628.jpg.chip.jpg,32,Female,Others
42_0_0_20170104181513925.jpg.chip.jpg,41,Male,White
42_0_0_20170104184335702.jpg.chip.jpg,52,Male,White
42_0_0_20170104204810195.jpg.chip.jpg,42,Male,White
42_0_0_20170104205801060.jpg.chip.jpg,44,Male,White
42_0_0_20170104210426844.jpg.chip.jpg,48,Male,White
42_0_0_20170105173000197.jpg.chip.jpg,49,Male,White
42_0_0_20170111200657340.jpg.chip.jpg,51,Male,White
42_0_2_20170104165448593.jpg.chip.jpg,54,Male,Asian
42_0_2_20170104192610039.jpg.chip.jpg,53,Male,Asian
42_0_2_20170104192842031.jpg.chip.jpg,52,Male,Asian
42_0_2_20170104210407684.jpg.chip.jpg,46,Male,Asian
42_0_3_20170104210357420.jpg.chip.jpg,46,Male,Indian
42_0_4_20170104202126618.jpg.chip.jpg,38,Male,Indian
42_0_4_20170104202440690.jpg.chip.jpg,43,Male,Others
42_1_0_20170104181529757.jpg.chip.jpg,70,Female,White
42_1_0_20170105164308955.jpg.chip.jpg,36,Female,White
42_1_0_20170109012301228.jpg.chip.jpg,45,Female,White
42_1_0_20170109141959953.jpg.chip.jpg,28,Female,White
42_1_2_20170107212130951.jpg.chip.jpg,45,Female,Asian
42_1_3_20170104220806510.jpg.chip.jpg,52,Female,Indian
42_1_3_20170109132630643.jpg.chip.jpg,34,Female,Indian
43_0_0_20170103183345633.jpg.chip.jpg,55,Male,White
43_0_0_20170104172942851.jpg.chip.jpg,34,Male,White
43_0_0_20170104181239741.jpg.chip.jpg,56,Male,White
43_0_0_20170104205149195.jpg.chip.jpg,42,Male,White
43_0_0_20170104205227123.jpg.chip.jpg,37,Male,White
43_0_0_20170104205923244.jpg.chip.jpg,42,Male,White
43_0_0_20170104210217699.jpg.chip.jpg,49,Male,White
43_0_0_20170109005543475.jpg.chip.jpg,41,Male,White
43_0_1_20170104184132454.jpg.chip.jpg,46,Male,Black
43_0_2_20170104210607932.jpg.chip.jpg,41,Male,Asian
43_1_0_20170103183352530.jpg.chip.jpg,52,Female,White
43_1_0_20170105172627988.jpg.chip.jpg,60,Female,White
43_1_0_20170105173019341.jpg.chip.jpg,62,Female,White
43_1_0_20170105173022908.jpg.chip.jpg,43,Female,White
43_1_0_20170108234555262.jpg.chip.jpg,25,Female,White
43_1_0_20170109012420929.jpg.chip.jpg,52,Female,White
43_1_3_20170109141039762.jpg.chip.jpg,37,Female,Indian
44_0_0_20170104183723462.jpg.chip.jpg,51,Male,White
44_0_0_20170105173313757.jpg.chip.jpg,58,Male,White
44_0_3_20170104204837339.jpg.chip.jpg,47,Male,Indian
44_1_0_20170104171556786.jpg.chip.jpg,45,Female,White
44_1_0_20170104211529444.jpg.chip.jpg,50,Female,White
44_1_3_20170104235304584.jpg.chip.jpg,34,Female,Indian
44_1_4_20170104170219257.jpg.chip.jpg,31,Female,Others
45_0_0_20170104205315204.jpg.chip.jpg,34,Male,White
45_0_0_20170104205654636.jpg.chip.jpg,55,Male,White
45_0_0_20170104210627331.jpg.chip.jpg,42,Male,White
45_0_4_20170108230309811.jpg.chip.jpg,52,Male,Others
45_1_0_20170104205614347.jpg.chip.jpg,66,Female,White
45_1_0_20170104205620028.jpg.chip.jpg,42,Female,White
45_1_0_20170109150822520.jpg.chip.jpg,33,Female,White
45_1_0_20170110154302056.jpg.chip.jpg,21,Female,White
45_1_2_20170107211934472.jpg.chip.jpg,23,Female,Asian
45_1_3_20170104234959306.jpg.chip.jpg,41,Female,Indian
45_1_3_20170104235059987.jpg.chip.jpg,39,Female,Indian
46_0_0_20170103183413994.jpg.chip.jpg,46,Male,White
46_0_0_20170104184807318.jpg.chip.jpg,65,Male,White
46_0_0_20170104203049435.jpg.chip.jpg,46,Male,White
46_0_0_20170104203848115.jpg.chip.jpg,55,Male,White
46_0_0_20170104203859666.jpg.chip.jpg,46,Male,White
46_0_0_20170104205340845.jpg.chip.jpg,50,Male,White
46_0_0_20170104211749300.jpg.chip.jpg,39,Male,White
46_0_0_20170105173017060.jpg.chip.jpg,52,Male,White
46_0_0_20170109012425702.jpg.chip.jpg,50,Male,White
46_0_3_20170104210508188.jpg.chip.jpg,56,Male,Indian
46_0_3_20170109141827947.jpg.chip.jpg,43,Male,Indian
46_0_4_20170104202042473.jpg.chip.jpg,45,Male,Others
46_1_2_20170109002726038.jpg.chip.jpg,42,Female,Asian
46_1_4_20170104172709843.jpg.chip.jpg,48,Female,Others
46_1_4_20170105170029053.jpg.chip.jpg,42,Female,Others
47_0_0_20170104202550449.jpg.chip.jpg,46,Male,White
47_0_0_20170104211906453.jpg.chip.jpg,58,Male,White
47_0_0_20170105173009578.jpg.chip.jpg,66,Male,White
47_0_0_20170109012427196.jpg.chip.jpg,52,Male,White
47_0_0_20170109013222454.jpg.chip.jpg,38,Male,White
47_0_1_20170109001703779.jpg.chip.jpg,45,Male,Black
47_0_2_20170104211734268.jpg.chip.jpg,55,Male,Asian
47_0_3_20170104211858844.jpg.chip.jpg,45,Male,Indian
47_0_3_20170109142337247.jpg.chip.jpg,51,Male,Indian
47_0_4_20170103234841372.jpg.chip.jpg,41,Male,Others
47_1_0_20170103183432930.jpg.chip.jpg,35,Female,White
47_1_0_20170104210658092.jpg.chip.jpg,46,Female,White
47_1_0_20170109132641773.jpg.chip.jpg,42,Female,White
47_1_3_20170109133358794.jpg.chip.jpg,37,Female,Indian
48_0_0_20170104193619832.jpg.chip.jpg,45,Male,White
48_0_0_20170104201250552.jpg.chip.jpg,40,Male,White
48_0_0_20170104211541076.jpg.chip.jpg,56,Male,White
48_0_0_20170105163527867.jpg.chip.jpg,55,Male,White
48_0_2_20170104204459299.jpg.chip.jpg,41,Male,Asian
48_0_3_20170109142337247.jpg.chip.jpg,61,Male,Indian
48_1_0_20170104185815758.jpg.chip.jpg,54,Female,White
48_1_0_20170110154607979.jpg.chip.jpg,51,Female,White
48_1_1_20170109142322529.jpg.chip.jpg,52,Female,Black
48_1_4_20170104181540549.jpg.chip.jpg,51,Female,Others
49_0_0_20170104184256957.jpg.chip.jpg,46,Male,White
49_0_0_20170104205907868.jpg.chip.jpg,47,Male,White
49_0_0_20170104211525124.jpg.chip.jpg,56,Male,White
49_0_0_20170104212516069.jpg.chip.jpg,66,Male,White
49_0_0_20170104212545028.jpg.chip.jpg,52,Male,White
49_0_0_20170104212843900.jpg.chip.jpg,55,Male,White
49_0_0_20170105172956637.jpg.chip.jpg,56,Male,White
49_0_1_20170111200637109.jpg.chip.jpg,50,Male,Black
49_0_3_20170104220818198.jpg.chip.jpg,55,Male,Indian
49_1_0_20170104213040501.jpg.chip.jpg,48,Female,White
49_1_0_20170109013132704.jpg.chip.jpg,51,Female,White
49_1_0_20170110141243521.jpg.chip.jpg,47,Female,White
49_1_0_20170111182452938.jpg.chip.jpg,31,Female,White
49_1_3_20170104231642491.jpg.chip.jpg,35,Female,Indian
49_1_3_20170109141810902.jpg.chip.jpg,31,Female,Indian
4_0_0_20161219204117636.jpg.chip.jpg,4,Male,White
4_0_0_20170105183540567.jpg.chip.jpg,5,Male,White
4_0_0_20170109191251137.jpg.chip.jpg,6,Male,White
4_0_0_20170110212545618.jpg.chip.jpg,5,Male,White
4_0_0_20170110213253207.jpg.chip.jpg,3,Male,White
4_0_0_20170110213317110.jpg.chip.jpg,7,Male,White
4_0_0_20170110213530901.jpg.chip.jpg,4,Male,White
4_0_0_20170110213536030.jpg.chip.jpg,5,Male,White
4_0_0_20170110213547600.jpg.chip.jpg,8,Male,White
4_0_2_20161219162919806.jpg.chip.jpg,1,Male,Asian
4_0_2_20161219211434893.jpg.chip.jpg,2,Male,Asian
4_0_2_20161220220440489.jpg.chip.jpg,3,Male,Asian
4_0_2_20170110212945664.jpg.chip.jpg,1,Male,Asian
4_0_2_20170110213515094.jpg.chip.jpg,2,Male,Asian
4_0_3_20170109131758363.jpg.chip.jpg,2,Male,Indian
4_0_4_20161221195021183.jpg.chip.jpg,5,Male,Others
4_1_0_20161219160558133.jpg.chip.jpg,4,Female,White
4_1_0_20161219201246716.jpg.chip.jpg,11,Female,White
4_1_0_20161219230409176.jpg.chip.jpg,8,Female,White
4_1_0_20170109190923998.jpg.chip.jpg,3,Female,White
4_1_0_20170109191135825.jpg.chip.jpg,2,Female,White
4_1_0_20170109191152071.jpg.chip.jpg,4,Female,White
4_1_0_20170109191952579.jpg.chip.jpg,3,Female,White
4_1_0_20170109192031317.jpg.chip.jpg,2,Female,White
4_1_0_20170109192357612.jpg.chip.jpg,2,Female,White
4_1_0_20170109192831145.jpg.chip.jpg,7,Female,White
4_1_0_20170109193342601.jpg.chip.jpg,3,Female,White
4_1_0_20170109193404863.jpg.chip.jpg,5,Female,White
4_1_2_20161219141536392.jpg.chip.jpg,2,Female,Asian
4_1_2_20161219141837833.jpg.chip.jpg,2,Female,Asian
4_1_2_20161219142249665.jpg.chip.jpg,2,Female,Asian
4_1_2_20161219153752980.jpg.chip.jpg,2,Female,Asian
4_1_2_20161219160314709.jpg.chip.jpg,3,Female,Asian
4_1_2_20161219160740335.jpg.chip.jpg,3,Female,Asian
4_1_2_20161219195237635.jpg.chip.jpg,1,Female,Asian
4_1_2_20161219211452533.jpg.chip.jpg,3,Female,Asian
4_1_3_20161219224504392.jpg.chip.jpg,3,Female,Indian
4_1_3_20161219224906705.jpg.chip.jpg,4,Female,Indian
4_1_3_20161219224933671.jpg.chip.jpg,7,Female,Indian
4_1_3_20161219230102512.jpg.chip.jpg,5,Female,Indian
4_1_3_20161219230310713.jpg.chip.jpg,4,Female,Indian
4_1_3_20161219230403672.jpg.chip.jpg,3,Female,Indian
4_1_3_20161220221856138.jpg.chip.jpg,4,Female,Indian
4_1_4_20161221193349166.jpg.chip.jpg,3,Female,Others
4_1_4_20161221195434215.jpg.chip.jpg,7,Female,Others
4_1_4_20161221200021608.jpg.chip.jpg,4,Female,Others
4_1_4_20161223225928843.jpg.chip.jpg,6,Female,Others
4_1_4_20161223230058516.jpg.chip.jpg,6,Female,Others
4_1_4_20170103213350292.jpg.chip.jpg,4,Female,Others
4_1_4_20170109191636106.jpg.chip.jpg,3,Female,Others
50_0_0_20170104170550929.jpg.chip.jpg,60,Male,White
50_0_0_20170104212118221.jpg.chip.jpg,52,Male,White
50_0_0_20170104213122948.jpg.chip.jpg,48,Male,White
50_0_0_20170109004250555.jpg.chip.jpg,53,Male,White
50_0_0_20170111203910911.jpg.chip.jpg,46,Male,White
50_0_2_20170104212145355.jpg.chip.jpg,51,Male,Asian
50_0_3_20170104220753655.jpg.chip.jpg,61,Male,Indian
50_1_0_20170103183624314.jpg.chip.jpg,43,Female,White
50_1_0_20170104184846062.jpg.chip.jpg,51,Female,White
50_1_0_20170104205235021.jpg.chip.jpg,61,Female,White
50_1_0_20170110154254311.jpg.chip.jpg,56,Female,White
50_1_2_20170104235513244.jpg.chip.jpg,34,Female,Asian
50_1_4_20170105173053477.jpg.chip.jpg,40,Female,Others
51_0_0_20170104205242540.jpg.chip.jpg,59,Male,White
51_0_0_20170105173555117.jpg.chip.jpg,55,Male,White
51_0_0_20170109141145066.jpg.chip.jpg,48,Male,White
51_0_0_20170111171747325.jpg.chip.jpg,53,Male,White
51_0_0_20170111181750481.jpg.chip.jpg,37,Male,White
51_0_3_20170104212203317.jpg.chip.jpg,51,Male,Indian
51_0_4_20170104193634471.jpg.chip.jpg,42,Male,Others
51_0_4_20170104211801364.jpg.chip.jpg,50,Male,White
51_1_0_20170109132703508.jpg.chip.jpg,58,Female,White
51_1_2_20170109131917693.jpg.chip.jpg,60,Female,Asian
51_1_3_20170109142147935.jpg.chip.jpg,38,Female,Indian
51_1_4_20170103234622539.jpg.chip.jpg,58,Female,Others
52_0_0_20170104165813945.jpg.chip.jpg,47,Male,White
52_0_0_20170104210519108.jpg.chip.jpg,52,Male,White
52_0_0_20170104211725300.jpg.chip.jpg,58,Male,White
52_0_0_20170104212221772.jpg.chip.jpg,59,Male,White
52_0_0_20170104212228222.jpg.chip.jpg,63,Male,White
52_0_0_20170104212238236.jpg.chip.jpg,55,Male,White
52_0_0_20170104212241724.jpg.chip.jpg,50,Male,White
52_0_0_20170104212848023.jpg.chip.jpg,59,Male,White
52_0_0_20170105173134925.jpg.chip.jpg,63,Male,White
52_0_0_20170105173214101.jpg.chip.jpg,52,Male,White
52_0_0_20170105173215909.jpg.chip.jpg,51,Male,White
52_0_0_20170105173217669.jpg.chip.jpg,45,Male,White
52_0_0_20170111203351228.jpg.chip.jpg,36,Male,White
52_0_2_20170104184356222.jpg.chip.jpg,47,Male,Asian
52_0_3_20170104214700621.jpg.chip.jpg,49,Male,Indian
52_1_0_20170104184406094.jpg.chip.jpg,52,Female,White
52_1_0_20170109013524205.jpg.chip.jpg,62,Female,White
52_1_0_20170109132305364.jpg.chip.jpg,38,Female,White
52_1_0_20170109221143312.jpg.chip.jpg,45,Female,White
52_1_0_20170110153002630.jpg.chip.jpg,44,Female,White
53_0_0_20170104184207950.jpg.chip.jpg,59,Male,White
53_0_0_20170104184617629.jpg.chip.jpg,57,Male,White
53_0_0_20170104210256884.jpg.chip.jpg,57,Male,White
53_0_0_20170104212139332.jpg.chip.jpg,66,Male,White
53_0_0_20170104212407239.jpg.chip.jpg,46,Male,White
53_0_0_20170104212423829.jpg.chip.jpg,59,Male,White
53_0_0_20170109012721891.jpg.chip.jpg,60,Male,White
53_0_0_20170109012812390.jpg.chip.jpg,62,Male,White
53_0_0_20170111195950035.jpg.chip.jpg,36,Male,White
53_0_2_20170104210010763.jpg.chip.jpg,42,Male,Asian
53_0_4_20170104212427149.jpg.chip.jpg,48,Male,Others
53_1_0_20170104202409738.jpg.chip.jpg,44,Female,White
53_1_0_20170108224819091.jpg.chip.jpg,57,Female,White
53_1_0_20170109133404907.jpg.chip.jpg,50,Female,White
53_1_0_20170109142039096.jpg.chip.jpg,43,Female,White
53_1_0_20170109220736654.jpg.chip.jpg,61,Female,White
53_1_0_20170110122404436.jpg.chip.jpg,43,Female,White
53_1_0_20170110122533941.jpg.chip.jpg,32,Female,White
53_1_3_20170109133349734.jpg.chip.jpg,51,Female,Indian
54_0_0_20170104002216792.jpg.chip.jpg,58,Male,White
54_0_0_20170104205516571.jpg.chip.jpg,52,Male,White
54_0_0_20170104211828524.jpg.chip.jpg,59,Male,White
54_0_0_20170104212353780.jpg.chip.jpg,59,Male,White
54_0_0_20170104212537133.jpg.chip.jpg,60,Male,White
54_0_0_20170104212610221.jpg.chip.jpg,53,Male,White
54_0_0_20170104212619757.jpg.chip.jpg,57,Male,White
54_0_0_20170104212621156.jpg.chip.jpg,60,Male,White
54_0_0_20170105173633085.jpg.chip.jpg,68,Male,White
54_0_2_20170104192440455.jpg.chip.jpg,50,Male,Asian
54_0_2_20170109010628431.jpg.chip.jpg,34,Male,Asian
54_1_0_20170104185045990.jpg.chip.jpg,57,Female,White
54_1_0_20170104235913154.jpg.chip.jpg,54,Female,White
54_1_0_20170109142905822.jpg.chip.jpg,59,Female,White
54_1_3_20170109142901150.jpg.chip.jpg,59,Female,White
55_0_0_20170104204634819.jpg.chip.jpg,60,Male,White
55_0_0_20170104212248372.jpg.chip.jpg,63,Male,White
55_0_0_20170104212747734.jpg.chip.jpg,63,Male,White
55_0_0_20170104212750765.jpg.chip.jpg,57,Male,White
55_0_0_20170105001417083.jpg.chip.jpg,57,Male,White
55_0_0_20170111203852863.jpg.chip.jpg,58,Male,White
55_1_0_20170110122115175.jpg.chip.jpg,53,Female,White
56_0_0_20170104210554380.jpg.chip.jpg,57,Male,White
56_0_0_20170105173129526.jpg.chip.jpg,67,Male,White
56_0_0_20170105175625694.jpg.chip.jpg,53,Male,White
56_0_0_20170109004309811.jpg.chip.jpg,52,Male,White
56_0_0_20170111201122422.jpg.chip.jpg,72,Male,White
56_0_0_20170111201127150.jpg.chip.jpg,61,Male,White
56_0_0_20170111202842202.jpg.chip.jpg,61,Male,White
56_0_0_20170111203052213.jpg.chip.jpg,56,Male,White
56_0_0_20170111203109091.jpg.chip.jpg,67,Male,White
56_0_3_20170109142154230.jpg.chip.jpg,54,Male,Indian
56_1_0_20170105172715541.jpg.chip.jpg,58,Female,White
56_1_0_20170109002302955.jpg.chip.jpg,43,Female,White
56_1_0_20170109141855995.jpg.chip.jpg,43,Female,White
56_1_0_20170110122646077.jpg.chip.jpg,66,Female,White
56_1_0_20170110122842545.jpg.chip.jpg,52,Female,White
56_1_0_20170110131719553.jpg.chip.jpg,42,Female,White
56_1_0_20170110153845590.jpg.chip.jpg,47,Female,White
56_1_2_20170109010140329.jpg.chip.jpg,30,Female,Asian
56_1_3_20170109132319407.jpg.chip.jpg,40,Female,Indian
56_1_3_20170109141321745.jpg.chip.jpg,50,Female,Indian
57_0_0_20170104212740101.jpg.chip.jpg,66,Male,White
57_0_0_20170109001651801.jpg.chip.jpg,57,Male,White
57_1_0_20170104235338307.jpg.chip.jpg,57,Female,White
57_1_0_20170105172541837.jpg.chip.jpg,58,Female,White
57_1_0_20170109132244248.jpg.chip.jpg,55,Female,White
57_1_0_20170110120847680.jpg.chip.jpg,59,Female,White
57_1_0_20170110141704735.jpg.chip.jpg,56,Female,White
57_1_3_20170104234847956.jpg.chip.jpg,70,Female,Indian
58_0_0_20170104185324437.jpg.chip.jpg,58,Male,White
58_0_0_20170104212025853.jpg.chip.jpg,59,Male,White
58_0_0_20170104213136437.jpg.chip.jpg,52,Male,White
58_0_0_20170105173557845.jpg.chip.jpg,52,Male,White
58_0_0_20170109012156576.jpg.chip.jpg,49,Male,White
58_0_1_20170109015140121.jpg.chip.jpg,55,Male,Black
58_0_1_20170111170138036.jpg.chip.jpg,63,Male,Black
58_0_2_20170104185526166.jpg.chip.jpg,57,Male,Asian
58_0_4_20170104002248350.jpg.chip.jpg,49,Male,Others
58_1_0_20170104185710750.jpg.chip.jpg,70,Female,White
58_1_0_20170104235908396.jpg.chip.jpg,59,Female,White
58_1_0_20170109012204899.jpg.chip.jpg,58,Female,White
58_1_0_20170109015222209.jpg.chip.jpg,62,Female,White
58_1_0_20170109150657263.jpg.chip.jpg,52,Female,White
58_1_3_20170109150757996.jpg.chip.jpg,59,Female,Indian
59_0_0_20170104184923262.jpg.chip.jpg,54,Male,White
59_0_0_20170104212405077.jpg.chip.jpg,60,Male,White
59_0_0_20170104213214717.jpg.chip.jpg,61,Male,White
59_0_0_20170111203716454.jpg.chip.jpg,65,Male,White
59_0_2_20170104022521749.jpg.chip.jpg,40,Male,Asian
59_1_0_20170105171834484.jpg.chip.jpg,61,Female,White
59_1_0_20170110122835196.jpg.chip.jpg,66,Female,White
5_0_0_20170110212841807.jpg.chip.jpg,5,Male,White
5_0_0_20170110213149382.jpg.chip.jpg,7,Male,White
5_0_0_20170110213420350.jpg.chip.jpg,6,Male,White
5_0_0_20170110213615044.jpg.chip.jpg,5,Male,White
5_0_0_20170110215925587.jpg.chip.jpg,6,Male,White
5_0_0_20170110220356210.jpg.chip.jpg,6,Male,White
5_0_1_20170103205158426.jpg.chip.jpg,4,Male,Black
5_0_2_20161219192232922.jpg.chip.jpg,8,Male,Asian
5_0_2_20161219192249187.jpg.chip.jpg,5,Male,Asian
5_0_3_20161220142906249.jpg.chip.jpg,5,Male,Indian
5_0_3_20161220221842826.jpg.chip.jpg,7,Male,Indian
5_0_3_20161220223210595.jpg.chip.jpg,5,Male,Indian
5_0_4_20170103212624758.jpg.chip.jpg,7,Male,Others
5_1_0_20170104202352685.jpg.chip.jpg,44,Female,White
5_1_0_20170109192440854.jpg.chip.jpg,4,Female,White
5_1_0_20170109192447108.jpg.chip.jpg,8,Female,White
5_1_0_20170109193010080.jpg.chip.jpg,4,Female,White
5_1_0_20170109193659649.jpg.chip.jpg,4,Female,White
5_1_0_20170109193711655.jpg.chip.jpg,3,Female,White
5_1_0_20170109194051532.jpg.chip.jpg,5,Female,White
5_1_2_20161219142215457.jpg.chip.jpg,4,Female,Asian
5_1_2_20161219194405259.jpg.chip.jpg,6,Female,Asian
5_1_3_20161219224922904.jpg.chip.jpg,5,Female,Indian
5_1_3_20161219230446729.jpg.chip.jpg,7,Female,Indian
5_1_3_20161220142912096.jpg.chip.jpg,1,Female,Indian
5_1_3_20161220145842991.jpg.chip.jpg,4,Female,Indian
5_1_4_20161221193033413.jpg.chip.jpg,6,Female,Others
5_1_4_20161223232140509.jpg.chip.jpg,3,Female,Others
60_0_0_20170104184725621.jpg.chip.jpg,61,Male,White
60_0_0_20170105173244278.jpg.chip.jpg,72,Male,White
60_0_0_20170109002333882.jpg.chip.jpg,56,Male,White
60_0_0_20170111171747538.jpg.chip.jpg,62,Male,White
60_1_0_20170104185020782.jpg.chip.jpg,60,Female,White
60_1_0_20170110131848316.jpg.chip.jpg,69,Female,White
60_1_0_20170110143332456.jpg.chip.jpg,58,Female,White
60_1_0_20170110143505801.jpg.chip.jpg,52,Female,White
60_1_0_20170110151456654.jpg.chip.jpg,58,Female,White
60_1_0_20170110152845240.jpg.chip.jpg,66,Female,White
60_1_0_20170110152900163.jpg.chip.jpg,55,Female,White
60_1_0_20170110153047755.jpg.chip.jpg,72,Female,White
60_1_1_20170110122649846.jpg.chip.jpg,57,Female,Black
60_1_2_20170110151419801.jpg.chip.jpg,60,Female,Asian
61_0_0_20170104185715382.jpg.chip.jpg,63,Male,White
61_0_0_20170104185720734.jpg.chip.jpg,65,Male,White
61_0_0_20170105173647189.jpg.chip.jpg,64,Male,White
61_0_0_20170109015526938.jpg.chip.jpg,61,Male,White
61_0_0_20170111203523343.jpg.chip.jpg,69,Male,White
61_0_3_20170104210003146.jpg.chip.jpg,62,Male,Indian
61_0_3_20170105180813046.jpg.chip.jpg,57,Male,Indian
61_1_0_20170110123303836.jpg.chip.jpg,60,Female,White
62_0_0_20170104172620514.jpg.chip.jpg,63,Male,White
62_0_0_20170104185145582.jpg.chip.jpg,63,Male,White
62_0_0_20170105164057133.jpg.chip.jpg,65,Male,White
62_0_0_20170105173715821.jpg.chip.jpg,63,Male,White
62_0_0_20170111171747583.jpg.chip.jpg,63,Male,White
62_0_0_20170111203239701.jpg.chip.jpg,69,Male,White
62_0_0_20170111203756842.jpg.chip.jpg,64,Male,White
62_0_1_20170111203234430.jpg.chip.jpg,60,Male,Black
62_1_0_20170109142055018.jpg.chip.jpg,64,Female,White
62_1_3_20170105000830708.jpg.chip.jpg,59,Female,Indian
62_1_3_20170109133411698.jpg.chip.jpg,63,Female,Indian
62_1_3_20170109150704840.jpg.chip.jpg,70,Female,Indian
63_0_0_20170104171431363.jpg.chip.jpg,65,Male,White
63_0_0_20170104213058630.jpg.chip.jpg,60,Male,White
63_0_0_20170104213259957.jpg.chip.jpg,66,Male,White
63_0_3_20170105180905510.jpg.chip.jpg,68,Male,Indian
63_0_3_20170105180931239.jpg.chip.jpg,67,Male,Indian
63_0_4_20170104213550381.jpg.chip.jpg,63,Male,Others
63_1_0_20170110151426496.jpg.chip.jpg,62,Female,White
64_0_0_20170104185416238.jpg.chip.jpg,67,Male,White
64_0_0_20170111200155418.jpg.chip.jpg,65,Male,White
65_0_0_20170104184048158.jpg.chip.jpg,56,Male,White
65_0_0_20170104185320086.jpg.chip.jpg,75,Male,White
65_0_0_20170111203730182.jpg.chip.jpg,59,Male,White
65_0_0_20170111205224278.jpg.chip.jpg,73,Male,White
65_0_3_20170104215624533.jpg.chip.jpg,63,Male,Indian
65_0_4_20170109005604594.jpg.chip.jpg,60,Male,Others
65_1_0_20170103175408672.jpg.chip.jpg,80,Female,White
65_1_0_20170110122548648.jpg.chip.jpg,57,Female,White
65_1_0_20170110135759710.jpg.chip.jpg,63,Female,White
65_1_0_20170110141104816.jpg.chip.jpg,74,Female,White
65_1_2_20161219160537365.jpg.chip.jpg,68,Female,Asian
66_0_0_20170104002319293.jpg.chip.jpg,67,Male,White
66_0_0_20170104184857950.jpg.chip.jpg,70,Male,White
66_0_4_20170104185439302.jpg.chip.jpg,67,Male,Others
66_1_0_20170105173707677.jpg.chip.jpg,72,Female,White
66_1_0_20170110122210413.jpg.chip.jpg,72,Female,White
66_1_1_20170110153026621.jpg.chip.jpg,67,Female,Black
67_0_0_20170104184245598.jpg.chip.jpg,62,Male,White
67_0_0_20170104185427710.jpg.chip.jpg,70,Male,White
67_0_0_20170104213345869.jpg.chip.jpg,63,Male,White
67_0_0_20170109002158153.jpg.chip.jpg,60,Male,White
67_0_0_20170111222156279.jpg.chip.jpg,64,Male,White
67_1_0_20170105173734477.jpg.chip.jpg,64,Female,White
68_0_0_20170109012554003.jpg.chip.jpg,63,Male,White
68_1_0_20170109221126838.jpg.chip.jpg,71,Female,White
68_1_0_20170110122503348.jpg.chip.jpg,58,Female,White
69_1_0_20170109150615726.jpg.chip.jpg,50,Female,White
69_1_0_20170110122730511.jpg.chip.jpg,67,Female,White
69_1_0_20170110152927513.jpg.chip.jpg,66,Female,White
69_1_4_20170110141201824.jpg.chip.jpg,62,Female,Others
6_0_0_20170110215331722.jpg.chip.jpg,5,Male,White
6_0_0_20170110215623387.jpg.chip.jpg,5,Male,White
6_0_0_20170110224301470.jpg.chip.jpg,5,Male,White
6_0_0_20170110224828816.jpg.chip.jpg,4,Male,White
6_0_2_20161219195226635.jpg.chip.jpg,5,Male,Asian
6_0_4_20161221200807209.jpg.chip.jpg,12,Male,Others
6_1_0_20170104005857767.jpg.chip.jpg,10,Female,White
6_1_0_20170109201852729.jpg.chip.jpg,4,Female,White
6_1_0_20170109201925765.jpg.chip.jpg,5,Female,White
6_1_2_20161219141114464.jpg.chip.jpg,5,Female,Asian
6_1_2_20161219192421499.jpg.chip.jpg,3,Female,Asian
6_1_3_20161220222420627.jpg.chip.jpg,4,Female,Indian
6_1_3_20161220222431162.jpg.chip.jpg,5,Female,Indian
6_1_3_20161220223136131.jpg.chip.jpg,7,Female,Indian
6_1_3_20161220223142531.jpg.chip.jpg,4,Female,Indian
6_1_3_20170104222751249.jpg.chip.jpg,2,Female,Indian
6_1_4_20161221193543388.jpg.chip.jpg,9,Female,Others
6_1_4_20161223232159876.jpg.chip.jpg,12,Female,Others
6_1_4_20170103214752366.jpg.chip.jpg,6,Female,Others
70_0_0_20170104213624677.jpg.chip.jpg,69,Male,White
70_0_0_20170104213651117.jpg.chip.jpg,68,Male,White
70_0_0_20170111200516733.jpg.chip.jpg,84,Male,White
70_1_0_20170110143251046.jpg.chip.jpg,66,Female,White
70_1_0_20170110152916950.jpg.chip.jpg,60,Female,White
70_1_0_20170110181712528.jpg.chip.jpg,67,Female,White
71_0_0_20170104185305424.jpg.chip.jpg,66,Male,White
71_0_0_20170104213443413.jpg.chip.jpg,67,Male,White
71_1_2_20170105174339014.jpg.chip.jpg,79,Female,Asian
71_1_3_20170109132543649.jpg.chip.jpg,70,Female,Indian
72_0_0_20170104213613429.jpg.chip.jpg,72,Male,White
72_0_0_20170109015615391.jpg.chip.jpg,71,Male,White
72_0_0_20170111222416133.jpg.chip.jpg,65,Male,White
72_1_0_20170105164536452.jpg.chip.jpg,77,Female,White
72_1_3_20170109151014965.jpg.chip.jpg,71,Female,Indian
73_0_0_20170104213702565.jpg.chip.jpg,59,Male,White
74_0_0_20170111203046542.jpg.chip.jpg,72,Male,White
74_1_0_20170110122923277.jpg.chip.jpg,76,Female,White
75_0_0_20170111204138781.jpg.chip.jpg,71,Male,White
75_0_0_20170111205059862.jpg.chip.jpg,76,Male,White
75_0_0_20170111210157776.jpg.chip.jpg,69,Male,White
75_1_0_20170109132033628.jpg.chip.jpg,82,Female,White
75_1_0_20170110141709735.jpg.chip.jpg,72,Female,White
76_0_0_20170104213515132.jpg.chip.jpg,71,Male,White
76_0_2_20170105174825693.jpg.chip.jpg,71,Male,Asian
76_1_0_20170110182047993.jpg.chip.jpg,80,Female,White
76_1_0_20170110183026065.jpg.chip.jpg,73,Female,White
77_0_0_20170111211407488.jpg.chip.jpg,73,Male,White
78_1_0_20170110180142396.jpg.chip.jpg,71,Female,White
79_1_0_20170110122630590.jpg.chip.jpg,68,Female,White
7_0_0_20170110215615139.jpg.chip.jpg,11,Male,White
7_0_0_20170110215633251.jpg.chip.jpg,7,Male,White
7_0_0_20170110215920604.jpg.chip.jpg,9,Male,White
7_0_0_20170110215944035.jpg.chip.jpg,7,Male,White
7_0_0_20170110225222391.jpg.chip.jpg,8,Male,White
7_0_0_20170110225232046.jpg.chip.jpg,6,Male,White
7_1_0_20170109202403368.jpg.chip.jpg,7,Female,White
7_1_0_20170109204456971.jpg.chip.jpg,11,Female,White
7_1_0_20170109205113183.jpg.chip.jpg,5,Female,White
7_1_0_20170109205432160.jpg.chip.jpg,9,Female,White
7_1_1_20170109194708063.jpg.chip.jpg,8,Female,Black
7_1_2_20161219141129768.jpg.chip.jpg,5,Female,Asian
7_1_3_20161219225222280.jpg.chip.jpg,5,Female,Indian
7_1_4_20161221193133117.jpg.chip.jpg,9,Female,White
7_1_4_20161224001014334.jpg.chip.jpg,5,Female,Others
7_1_4_20161224002213337.jpg.chip.jpg,5,Female,Others
7_1_4_20170103233309314.jpg.chip.jpg,6,Female,Others
80_0_0_20170105175505310.jpg.chip.jpg,69,Male,White
80_0_0_20170110183557670.jpg.chip.jpg,66,Male,White
80_1_0_20170110122234919.jpg.chip.jpg,75,Female,White
80_1_0_20170110140603775.jpg.chip.jpg,75,Female,White
82_1_0_20170109150955073.jpg.chip.jpg,85,Female,White
83_0_0_20170111221828238.jpg.chip.jpg,69,Male,White
85_1_0_20170110181551074.jpg.chip.jpg,87,Female,White
85_1_0_20170110181606198.jpg.chip.jpg,73,Female,White
85_1_0_20170110182128680.jpg.chip.jpg,79,Female,White
85_1_0_20170110183935393.jpg.chip.jpg,85,Female,White
85_1_0_20170110184114479.jpg.chip.jpg,79,Female,White
85_1_3_20170110181547340.jpg.chip.jpg,80,Female,Indian
85_1_3_20170110183946188.jpg.chip.jpg,83,Female,Indian
86_0_2_20170105174932870.jpg.chip.jpg,81,Male,Asian
88_0_0_20170111222657241.jpg.chip.jpg,73,Male,White
89_0_3_20170105180114246.jpg.chip.jpg,71,Male,Indian
8_0_0_20170103210825483.jpg.chip.jpg,9,Male,White
8_0_0_20170110220309370.jpg.chip.jpg,15,Male,White
8_0_0_20170110220350538.jpg.chip.jpg,9,Male,White
8_0_0_20170110220552025.jpg.chip.jpg,7,Male,White
8_0_0_20170110225017437.jpg.chip.jpg,7,Male,White
8_0_0_20170110225358551.jpg.chip.jpg,7,Male,White
8_0_1_20170110220106378.jpg.chip.jpg,7,Male,Black
8_0_2_20161219162204262.jpg.chip.jpg,9,Male,Asian
8_0_3_20170104225230063.jpg.chip.jpg,15,Male,Indian
8_0_3_20170104230744745.jpg.chip.jpg,8,Male,Indian
8_1_0_20170109202314510.jpg.chip.jpg,9,Female,White
8_1_0_20170109202804967.jpg.chip.jpg,9,Female,White
8_1_0_20170109203209685.jpg.chip.jpg,10,Female,White
8_1_0_20170109203303253.jpg.chip.jpg,12,Female,White
8_1_0_20170109203407112.jpg.chip.jpg,13,Female,White
8_1_0_20170109203617429.jpg.chip.jpg,10,Female,White
8_1_0_20170109204418516.jpg.chip.jpg,10,Female,White
8_1_0_20170109205024714.jpg.chip.jpg,9,Female,White
8_1_0_20170109205030055.jpg.chip.jpg,8,Female,White
8_1_0_20170109205116937.jpg.chip.jpg,7,Female,White
8_1_2_20170104005626607.jpg.chip.jpg,13,Female,Asian
8_1_3_20161220222610115.jpg.chip.jpg,7,Female,Indian
8_1_3_20170104222252734.jpg.chip.jpg,19,Female,Indian
8_1_3_20170104222635007.jpg.chip.jpg,11,Female,Indian
8_1_4_20170103212955884.jpg.chip.jpg,14,Female,White
8_1_4_20170103214220325.jpg.chip.jpg,7,Female,Others
8_1_4_20170104005525759.jpg.chip.jpg,11,Female,Others
8_1_4_20170109202746183.jpg.chip.jpg,9,Female,White
90_0_0_20170111211204031.jpg.chip.jpg,79,Male,White
96_1_2_20170110183043609.jpg.chip.jpg,90,Female,Asian
96_1_2_20170110183528193.jpg.chip.jpg,83,Female,Asian
99_1_2_20170110182418864.jpg.chip.jpg,86,Female,Asian
9_0_0_20170110215453036.jpg.chip.jpg,8,Male,White
9_0_0_20170110215653284.jpg.chip.jpg,11,Male,White
9_0_0_20170110220005370.jpg.chip.jpg,13,Male,White
9_0_0_20170110220134026.jpg.chip.jpg,10,Male,White
9_0_0_20170110220148443.jpg.chip.jpg,8,Male,White
9_0_0_20170110220159083.jpg.chip.jpg,8,Male,White
9_0_0_20170110220237634.jpg.chip.jpg,7,Male,White
9_0_0_20170110220238481.jpg.chip.jpg,8,Male,White
9_0_0_20170110220240322.jpg.chip.jpg,11,Male,White
9_0_0_20170110220311291.jpg.chip.jpg,8,Male,White
9_0_0_20170110220411186.jpg.chip.jpg,6,Male,White
9_0_0_20170110220624626.jpg.chip.jpg,9,Male,White
9_0_0_20170110221701052.jpg.chip.jpg,10,Male,White
9_0_0_20170110221815301.jpg.chip.jpg,16,Male,White
9_0_0_20170110224455692.jpg.chip.jpg,13,Male,White
9_0_1_20170110225103801.jpg.chip.jpg,11,Male,Black
9_0_4_20170110215354740.jpg.chip.jpg,10,Male,Others
9_1_0_20170103212649164.jpg.chip.jpg,12,Female,White
9_1_0_20170104013159819.jpg.chip.jpg,10,Female,White
9_1_0_20170109204449076.jpg.chip.jpg,11,Female,White
9_1_0_20170109204512608.jpg.chip.jpg,6,Female,White
